"barcode";"name";"volume"
"41001332";"CERVEZA BECKS";"330"
"42061915";"CERVEZA BECKS SIN ALCOHOL";"330"
"87167054";"CERVEZA GROLSCH";"330"
"4015042100584";"Darguner Pilsener";"330"
"4025127020188";"ENERGIZANTE EFFECT";"250"
"5701598030763";"CERVEZA HARBOE PILSENER";"330"
"5701598031579";"CERVEZA BEAR";"330"
"7611626000300";"ENERGIZANTE XTC";"250"
"7801610000595";"COCA COLA LIGHT";"591"
"7801610000601";"COCA COLA ZERO";"591"
"7801610001523";"COCA COLA";"2500"
"7801610002650";"FANTA";"3000"
"7801610005521";"SPRITE";"2500"
"7801610005651";"SPRITE";"3000"
"7801610591888";"SPRITE ZERO";"591"
"7801610591994";"SPRITE";"591"
"7801610610008";"COCA COLA";"250"
"7801610610107";"FANTA";"250"
"7801610610206";"SPRITE MINI";"250"
"7801610610404";"COCA COLA LIGHT";"250"
"7801620006136";"Woman mas Cachantun con Aloe Vera Sabor Berries";"500"
"7801620852962";"Cachantun Sin Gas";"1600"
"7801926002986";"SANGRIA TRUJILLO CON GAS";"500"
"7802180002651";"ENERGIZANTE DARK DOG ORANGE";"250"
"7802820020953";"VITAL CON GAS";"1600"
"7804646000003";"ENERGIZANTE MR. BIG";"1500"
"7804646000027";"ENERGIZANTE MR. BIG ZERO";"1500"
"7804646000102";"ENERGIZANTE MR. BIG";"330"
"9005465101058";"ENERGIZANTE DARK DOG GUARANA";"250"
"9120016590300";"ENERGIZANTE SHOT & GO";"1500"
"9120016590478";"ENERGIZANTE SHOT & GO BERRY";"1500"
"632432333205";"Yerba Mate Guayaki";"355"
"856820160024";"Steaz Zero Calotie Ice Green Tee Peach Mango";"473"
"5701598031586";"CERVEZA BEAR";"500"
"7792798007462";"CERVEZA QUILMES LIEBER SIN ALCOHOL";"354"
"7792798011018";"CERVEZA QUILMES";"355"
"7801610001196";"COCA COLA";"350"
"7801610002261";"FANTA";"1500"
"7801610005194";"SPRITE";"350"
"7801610019269";"NORDIC GINGER ALE MIST";"1500"
"7801610020265";"NORDIC TONICA MIST";"1500"
"7801610203507";"NORDIC GINGER ALE MIST";"350"
"7801610223505";"NORDIC MIST AGUA TONICA";"350"
"7801610350409";"COCA COLA ZERO";"1500"
"7801620852580";"KEM PIÑA";"350"
"7801926002993";"SANGRIA TRUJILLO CON GAS";"1500"
"7802100002709";"Cristal Cero Radler";"350"
"7802100020130";"Escudo";"350"
"7802100002747";"Royal Guard Premium Lager Beer";"470"
"7802130000102";"CERVEZA BALTICA";"354"
"7802130000263";"Stella Artois Premium Lager Beer";"354"
"7802130001109";"CERVEZA BECKER";"354"
"7802810052032";"NECTAR WATTS NARANAJA";"1000"
"1505";"OCEAN SPR CRANBERRY PET1.89X8";"1890"
"524168";"OCEAN SPRAY LIGHT 8PF-PET 1.89";"1890"
"7802820600100";"VITAL CON GAS";"600"
"7802820651003";"PAWERADE";"600"
"7802820669961";"PAWERADE ZERO FROZEN LIMON";"600"
"7802820670974";"PAWERADE ZERO FROZEN BLAST";"600"
"7802820670998";"PAWERADE ZERO FROZEN UVA";"600"
"7802820700084";"NECTAR WATTS NARANJA";"1000"
"7802820700275";"NECTAR WATTS PIÑA";"1000"
"7802820700466";"NECTAR WATTS MANZANA";"1000"
"7804604723197";"NECTAR CYRO TUTIFRUTI PLATANO";"1500"
"7804604727584";"NECTAR CYRO NARANJA";"1500"
"7804604727614";"NECTAR CYRO PIÑA";"1500"
"7804646000010";"ENERGIZANTE MR. BIG";"600"
"7804646000041";"ENERGIZANTE MR. BIG ZERO";"600"
"7804646000058";"ENERGIZANTE MR. BIG";"2000"
"7807910019015";"Jumbo Doble Zero Cola";"1500"
"8690582722401";"CERVEZA CARLSBERG";"500"
"8903354001247";"ENERGIZANTE MACHINE";"300"
"9005465104097";"ENERGIZANTE DARK DOG ORIGINAL";"355"
"9120016590331";"ENERGIZANTE SHOT & GO";"500"
"90415302";"RED BULL RED EDIT LATA 250X24";"250"
"90415326";"RED BULL LIME EDIT LATA 250X24";"250"
"31200342270";"OCEAN SPRAY LIGHT 8PF-PET 1.89";"1890"
"31200343277";"OCEAN_SPR L GRAPE 8PF-PET1.89";"1890"
"7801608002372";"Pelayo Bebida Piña Sin Calorías";"2000"
"7801610000571";"Coca-Cola Original";"591"
"7801610001622";"Coca-Cola Original";"1500"
"7801610022528";"Coca-Cola Light";"2500"
"7801610022726";"Coca-Cola Light";"1500"
"7801610200933";"Coca-Cola Zero";"1750"
"7801610223727";"Sprite Zero";"1500"
"7801610305560";"Coca-Cola Zero";"3000"
"7801610323236";"Coca-Cola Original";"3000"
"7801610350157";"Coca-Cola Zero";"250"
"7801610350850";"Coca-Cola Zero";"2500"
"7801610352151";"Coca-Cola Light";"3000"
"7801610591116";"Fanta";"591"
"7801620000738";"WATT'S DURAZNO LGH 6PF-PET 1.5";"1500"
"7801620000899";"LIMON SODA 6PFX4-PET 250";"250"
"7801620000912";"LIMON SODA 6PFX4-PET 250";"250"
"7801620001193";"BILZ 6PF-PET 3000";"3000"
"7801620001216";"PAP PET 3000 X 06";"3000"
"7801620001223";"KEM 6PF-PET 3000";"3000"
"7801620001322";"7UP 6PF-PET 3000";"3000"
"7801620001599";"CRUSH 6PF-PET 3000";"3000"
"7801620001643";"LIMON SODA PET 3000 X 06";"3000"
"7801620001704";"KEM XTREME 6PFX4-LATA 350";"350"
"7801620001711";"KEM XTREME 12PF-PET 500";"500"
"7801620001735";"KEM XTREME 6PFX4-LATA 350";"350"
"7801620001841";"WATT'S TUTIFRUTILLA 6PF-PET1.5";"1500"
"7801620001896";"GINGER ALE 6PF-PET 3000";"3000"
"7801620001902";"WATT'S MANZANA 6PF-PET 1500";"1500"
"7801620001988";"KEM XTREME 6PF-PET 1500";"1500"
"7801620002022";"PEPSI-BILZ-KEM 3PF-PET3000-TR";"3000"
"7801620002039";"PEPSI-BILZ-PAP 3PF-PET3000-TR";"3000"
"7801620002237";"GIN-CRU-LSO 3PF-PET3000-TR";"3000"
"7801620002343";"Whatt´s Nectar de Fruta Tuttikiwi";"1500"
"7801620002367";"MAS CACHANTUN 12PF-PET 500";"500"
"7801620002374";"MAS CACHANTUN 6PF-PET 1500";"1500"
"7801620002503";"CACHANTUN C/GAS 3PFX2-PET 1600";"1600"
"7801620002657";"GATORADE NARANJA 6PF-PET 500";"500"
"7801620002664";"GATORADE MANZANA 6PF-PET 500";"500"
"7801620002671";"Gatorade Lima Limon";"500"
"7801620002725";"GATORADE MANZANA 6PF-PET 500";"500"
"7801620002756";"GATORADE LIMA LIMON 6PF-PET500";"500"
"7801620002787";"LIMON SODA LIGHT PET 1500 X 06";"1500"
"7801620002794";"LIMON SODA ZERO PET 3000 X 06";"3000"
"7801620002848";"PEPSI-KEM-CRUSH-LSODA 4PF-PET1500-TR";"1500"
"7801620002916";"WATT'S TUTIFRUT LGH 6PF-PET1.5";"1500"
"7801620002961";"GATORADE COOL BLUE 6PF-PET 500";"500"
"7801620002985";"GATORADE COOL BLUE 6PF-PET 500";"500"
"7801620003005";"GATORADE COOL BLUE PET 500 6X5";"500"
"7801620003029";"GATORADE NARANJA 6PF-PET 500";"500"
"7801620003036";"GATORADE MANZANA 6PF-PET 500";"500"
"7801620003067";"GATORADE FRUT TROP 6PF-PET500";"500"
"7801620003302";"LIPTON LIMON 6PF-PET 400";"400"
"7801620003319";"LIPTON DURAZNO 6PF-PET 400";"400"
"7801620003326";"LIPTON GREEN TEA 6PF-PET 400";"400"
"7801620003333";"LIPTON LIMON 6PF-PET 400";"400"
"7801620003340";"LIPTON DURAZNO 6PF-PET 400";"400"
"7801620003357";"LIPTON GREEN TEA 6PF-PET 400";"400"
"7801610002193";"Fanta";"350"
"7801610022122";"Coca-Cola Light";"350"
"7801610223192";"Sprite Zero";"350"
"7801610350355";"Coca-Cola Zero";"350"
"7801620000189";"CRUSH ZERO 6PFX4-LATA 350";"350"
"7801620000196";"LIMON SODA 6PFX4-LATA 350";"350"
"7801620000219";"GINGER ALE 6PFX4-LATA 350";"350"
"7801620000233";"PEPSI 6PFX4-LATA 350";"350"
"7801620000240";"7UP LATA 6PF X 4 LATA 350";"350"
"7801620000325";"BILZ 6PFX4-LATA 350";"350"
"7801620000349";"KEM 6PFX4-LATA 350";"350"
"7801620000332";"PAP 6PFX4-LATA 350";"350"
"7801620003364";"PEPSI LIGHT 6PF-PET 3000";"3000"
"7801620003500";"WATT'S TUTIARANDANO 6P-PET 1.5";"1500"
"7801620003630";"Lipton Ice Tee Te Negro Sabor Limon";"1500"
"7801620003647";"Lipton Ice Tee Te Negro Sabor Durazno";"1500"
"7801620003654";"Lipton Ice Tee Te Verde Sabor Limon";"1500"
"7801620003661";"MAS MANZ-PERA-UVA 3PFX2 PET1.5";"1500"
"7801620003685";"PURE LIFE S/G 6PF-PET 1500";"1500"
"7801620003708";"PURE LIFE S/GAS 12PF-PET 500";"500"
"7801620003715";"PURE LIFE C/GAS 12PF-PET 500";"500"
"7801620003968";"Woman mas Cachantun Sabor Frutos del Bosque";"1500"
"7801620003975";"MAS CATUN WOM F BOSQ PET500X12";"500"
"7801620004033";"4PKLIGHTPET1.5GING CRUSH LIMON";"1500"
"7801620004057";"GINGER ALE LIGHT 12PF-PET 500";"500"
"7801620004132";"Whatt´s Nectar de Fruta Platano";"1500"
"7801620004200";"PURE LIFE C/GAS 3PFX2-PET1500";"1500"
"7801620004217";"PEPSI LIGHT 6PFX4-LATA 310";"310"
"7801620004279";"PEPSI LIGHT 6PFX4-LATA 310";"310"
"7801620004361";"PEPSI LIGHT 6PFX4-LATA 310";"310"
"7801620004378";"3PK 1CRUSH 2PEPSI PET3000";"3000"
"7801620004415";"GINGER ALE LIGHT 6PFX4-LATA310";"310"
"7801620004521";"WATT'S UVA LIGHT 6PF- PET 1500";"1500"
"7801620004538";"WATT'S UVA LIGHT 6PF-PET 400";"400"
"7801620004552";"WATT'S FRAM-MAN LIGHT PET1.5X6";"1500"
"7801620004569";"WATT'S FRAM-MAN LIGHT PET400X6";"400"
"7801620004590";"WATT'S UVA LIGHT 6PF-PET 400";"400"
"7801620004606";"WATT'S FRAM-MAN LIGHT PET400X6";"400"
"7801620004699";"GINGER ALE LIGHT 10PX4-LATA310";"310"
"7801620004729";"LIPTON GREEN DUR-PER 6P-PET1.5";"1500"
"7801620004743";"PEPSI PET 1750 X 06";"1750"
"7801620004750";"PEPSI LIGHT 6PF-PET 1750";"1750"
"7801620004767";"LIPTON GREEN DUR-PER 6P-PET400";"400"
"7801620004842";"MAS CATUN PERA S/G 6PF-PET 1.5";"1500"
"7801620004866";"MAS CATUN MANZ S/G 6PF-PET1500";"1500"
"7801620004873";"MAS CATUN MANZ S/G 12PF-PET500";"500"
"7801620004897";"PEPSI 12PCX2-LATA 350";"350"
"7801620004910";"PAP ZERO PET 1500 X 06";"1500"
"7801620004927";"PAP ZERO PET 500 X 12";"500"
"7801620004934";"PAP ZERO PET 250 X 24";"250"
"7801620004958";"BILZ ZERO 6PF-PET 1500";"1500"
"7801620004965";"BILZ ZERO 12PF-PET 500";"500"
"7801620004972";"BILZ ZERO 6PFX4-PET 250";"250"
"7801620004989";"PAP ZERO PET 250 X 24";"250"
"7801620004996";"BILZ ZERO 6PFX4-PET 250";"250"
"7801620005030";"FRUGO PINA 12PF-PET 500";"500"
"7801620005078";"PAP ZERO PET 3000 X 06";"3000"
"7801620005085";"BILZ ZERO 6PF-PET 3000";"3000"
"7801620005146";"WATTS DURAZNO-NARANJA 2PFX3-P";"1500"
"7801620005184";"Gatorade Frutas Tropicales";"750"
"7801620005191";"GATORADE COOL BL 12PF-PET 750";"750"
"7801620005207";"GATORADE NARANJA 12PF-PET 750";"750"
"7801620005214";"LIMON SODA LIGHT PET 500 X 12";"500"
"7801620005269";"LIMON SODA LIGHT 6PFX4 LATA310";"310"
"7801620005276";"FRUGO NARANJA 6PF-PET 3000";"3000"
"7801620005283";"FRUGO PINA 6PF-PET 3000";"3000"
"7801620005290";"KEM ZERO 6PF-PET 3000";"3000"
"7801620005306";"KEM ZERO 6PF-PET 1500";"1500"
"7801620005313";"KEM ZERO 12PF-PET 500";"500"
"7801620005337";"MAS CATUN UVA S/GAS 6PF-PET1.5";"1500"
"7801620005344";"MAS CATUN UVA S/G 12PF-PET 500";"500"
"7801620005368";"WATTS CLEAR SABOR PERA PET400X6";"400"
"7801620005610";"SOBE ORANGE/MANGO 6PF-PET591";"591"
"7801620005627";"SOBE YUMBERRY POMEG 6PF-PET591";"591"
"7801620005634";"SOBE BLACK/BLUE BER 6PF-PET591";"591"
"7801620005641";"MAS CATUN MANZ S/G 24PF-PET250";"250"
"7801620005658";"MAS CATUN MANZ S/G 24PF-PET250";"250"
"7801620005696";"BILZYPAP ZERO 2PKFX3 PET1500";"1500"
"7801620005726";"GATORADE SABOR 6PF-PET1.0";"1000"
"7801620005740";"TONICA LIGHT 6PFX4-LATA310";"310"
"7801620005757";"TONICA LIGHT 6PFX4-LATA310";"310"
"7801620005764";"WATTS LIG DUR-NA 2PFX3 PET 1.5";"1500"
"7801620004859";"MAS CATUN PERA SG 12PF PET500";"500"
"7801620005771";"PEPSI LIGHT 2PKFX3 PET1500";"1500"
"7801620005849";"MAS CAT GRANAD S/G 6PF-PET1.5";"1500"
"7801620005856";"Cachantun Mas sin Gas Granada";"500"
"7801620005870";"KEM XTREME ICE PET500X12-TR";"500"
"7801620005917";"MAS MANZ-PERA-UVA 3PFX2 PET1.5";"1500"
"7801620006037";"POP CANDY ALGODON PET500X6";"500"
"7801620006075";"Lipton Ice Tee Te Negro Sabor Frambuesa";"1500"
"7801620006082";"LIPTON RASPBERRY 6PF-PET 400";"400"
"7801620006099";"LIPTON RASPBERRY 6PF-PET 400";"400"
"7801620006105";"KEM XTR SUGAR FREE 12PF-PET500";"500"
"7801620006112";"KEM XTR SUGAR FREE 6PF-PET1.5";"1500"
"7801620006129";"MAS CATUN WOM BERR 6PF-PET 1.5";"1500"
"7801620006143";"MAS CATUN WM LIM-JNG 6P-PET1.5";"1500"
"7801620006150";"MAS CATUN WM LIM-JNG PET500X12";"500"
"7801620006228";"GATORADE LIMA LIMON 6PF-PET1.0";"1000"
"7801620006235";"GATORADE LIMONADA 12PF-PET 750";"750"
"7801620006266";"PURE LIFE S/G PROMO 6PF-PET1.5";"1500"
"7801620006310";"ADRENALINE RED 6PF-PET 750";"750"
"7801620006341";"WATT'S PINA LIGHT 6PF-PET 1.5";"1500"
"7801620006471";"GINGER ALE LIGHT 4PF-PET 1500";"1500"
"7801620006488";"KEM XTREME ALERT 12PF-PET 500";"500"
"7801620006495";"7UP PET 1750 X 6-TR";"1750"
"7801620006501";"BILZ LIG PET2000X6-TR";"2000"
"7801620006518";"PAP LIG PET2000X6-TR";"2000"
"7801620006525";"PURE LIFE S/G ANIV 6PF-PET1.5";"1500"
"7801620006594";"TRIPACK MAS FRUTA MANZANA-PERA-UVA 3PF-PET1600 X2";"1600"
"7801620006600";"MAS CATUN CITRUS 6PF-PET 1.6";"1600"
"7801620006617";"MAS CAT CITRUS NARAN 6P-PET1.6";"1600"
"7801620006624";"Cachantun Mas sin Gas Manzana";"1600"
"7801620006631";"Cachantun Mas sin Gas Granada";"1600"
"7793147009168";"HEINEKEN 6PKX4-LAT350CC CARTUL";"350"
"7809595601318";"Puyehue";"500"
"7801620006662";"GATORADE COOL BLUE 3PCX6-PET 750+6CARAMAÑOLA";"750"
"7801620006754";"WATT'S MANZAN LIGHT 6PF-PET400";"400"
"7801620006761";"WATT'S MANZAN LIGHT 6PF-PET1.5";"1500"
"7801620006778";"LIPTON DURAZNO 0%AZ 6PF-PET1.5";"1500"
"7801620006785";"7UP LIGHT 6PF-PET 3000";"3000"
"7801620006792";"LIPTON DURAZNO 0%AZ 6PF-PET400";"400"
"7801620006815";"LIPTON DURAZNO 0%AZ 6PF-PET400";"400"
"7801620006822";"ADRENALINE RED 2PF X 3-PET 750";"750"
"7801620006839";"POP CANDY NARANJA PET 500 X 06";"500"
"7801620006846";"PEPSI ZERO 6PFX4-LATA 350";"350"
"7801620006853";"PEPSI ZERO 12PF-PET 500";"500"
"7801620006860";"Pepsi Zero Azucar";"1500"
"7801620006877";"PEPSI ZERO 6PF-PET 2000";"2000"
"7801620006891";"PEPSI ZERO 6PF-PET 3000";"3000"
"7801620006914";"PURE LIFE SIN GAS 6PF-PET 2000";"2000"
"7801620006921";"FRUGO FRUTILLA 6PF-PET3000-TR";"3000"
"7801620006938";"PEPSI ZERO 6PFX4-LATA 350";"350"
"7801620006983";"GATORADE GREEN APPLE 6P-PET1.0";"1000"
"7801620006990";"MAS CACHANTÚN MANZANA 6PF-PET 2250-TR";"2250"
"7801620007003";"MAS CACHANTUN PERA 6PF-PET 2250-TR";"2250"
"7801620007010";"MAS CATUN LIMON MENT PET1.6X6";"1600"
"7801620007027";"Cachantun Mas sin Gas Limon Menta";"500"
"7801620007034";"CRUSH ZERO 6PF-PET 3000-TR";"3000"
"7801620007041";"LIMON SODA ZERO 6PFX4-LATA350";"350"
"7801620007058";"LIMON SODA ZERO 6PFX4-LATA350";"350"
"7801620007102";"PEPSI ZR-BILZ ZR-PAP ZR 3PK PET3.0";"3000"
"7801620007126";"MAS CACHANTUN PERA 6PFX4-PET 250-TR";"250"
"7801620007133";"MAS CACHANTUN GRANADA 6PFX4-PET250-TR";"250"
"7801620007140";"MAS CACHANTUN PERA 6PFX4-PET 250-TR";"250"
"7801620007157";"MAS CACHANTUN GRANADA 6PFX4-PET250-TR";"250"
"7801620007164";"BILZ Z-PAP Z COHET 2P-PET1.5X3";"1500"
"7801620007171";"A TONICA LIGHT 6PF-PET 1500-TR";"1500"
"7801620007201";"LIPTON YAZMIN LYCHEE PET1.5 X6";"1500"
"7801620007317";"PEPSI ZERO 6PF-PET 1750-TR";"1750"
"7801620007324";"GINGER ALE LIGHT 6PF-PET 2.0";"2000"
"7801620007393";"BILZ 6PF-PET 1750-TR";"1750"
"7801620007409";"PAP 6PF-PET 1750-TR";"1750"
"7801620007416";"KEM 6PF-PET 1750-TR";"1750"
"7801620007423";"CRUSH 6PF-PET 1750-TR";"1750"
"7801620007430";"LIMON SODA 6PF-PET 1750-TR";"1750"
"7801620007447";"GINGER A LIGHT 6PF-PET 1750-TR";"1750"
"7801620007454";"CRUSH ZERO 6PF-PET 1750-TR";"1750"
"7801620007461";"BILZ ZERO 6PF-PET 1750-TR";"1750"
"7801620007478";"PAP ZERO 6PF-PET 1750-TR";"1750"
"7801620007485";"KEM ZERO 6PF-PET 1750-TR";"1750"
"7801620007492";"LIMON SODA ZERO 6PF-PET 1750-TR";"1750"
"7801620007508";"GINGER ALE 6PF-PET 1750-TR";"1750"
"7801620007560";"7UP LIGHT 6PF-PET 1500";"1500"
"7801620007577";"POP CANDY CENTELLA 6PF-PET500";"500"
"7801620007584";"POP CANDY MANZ CONF 6PF-PET500";"500"
"7801620007607";"WATTS MARACUYA LIG 6PF-PET 1.5";"1500"
"7801620010102";"BILZ 6PFX4-PET 250";"250"
"7801620010119";"PAP PET 250 X 24";"250"
"7801620010133";"KEM 6PFX4-PET 250";"250"
"7801620010140";"KEM 6PFX4-PET 250";"250"
"7801620011604";"Whatt´s Nectar de Fruta Naranja";"1500"
"7801620011611";"WATT'S DURAZNO 6PF-PET 1500";"1500"
"7801620011628";"Whatt´s Nectar de Fruta Damasco";"1500"
"7801620011635";"Whatt´s Nectar de Fruta Piña";"1500"
"7801620011840";"GATORADE FRUT TROP 6PF-PET500";"500"
"7801620014513";"PEPSI 6PF-PET 1500";"1500"
"7801620014681";"PEPSI 6PF-PET 2000";"2000"
"7801620015800";"CACHANTUN C/GAS 12PF-PET 500";"500"
"7801620015855";"CACHANTUN L/GAS 6PF-PET 1600";"1600"
"7801620015862";"CACHANTUN L/GAS 12PF-PET 500";"500"
"7801620016005";"CRUSH 12-PET 500";"500"
"7801620016012";"BILZ 12PF-PET 500";"500"
"7801620016029";"PAP PET 500 X 12";"500"
"7801620016036";"KEM 12PF-PET 500";"500"
"7801620016043";"PEPSI LIGHT 12PF-PET 500";"500"
"7801620016067";"BILZ 6PFX4-PET 250";"250"
"7801620016074";"PAP PET 250 X 24";"250"
"7801620016111";"LIMON SODA 12PF-PET 500";"500"
"7801620016128";"GINGER ALE 12PF-PET 500";"500"
"7801620016203";"7UP 6PF-PET 2000";"2000"
"7801620016791";"CACHANTUN C/GAS 6PFX12-PET 500";"500"
"7801620016975";"MAS CATUN NARANJ 12PF-PET500";"500"
"7801620016982";"MAS CATUN NARANJ 6PF-PET1.5";"1500"
"7801620016999";"CACHANTUN S/GAS 6PFX2-PET 500";"500"
"7801620017552";"PEPSI 6PF- PET 3000";"3000"
"7801620034511";"7UP 6PF-PET 1500";"1500"
"7801620075804";"PEPSI LIGHT 6PF-PET 1500";"1500"
"7801620075811";"PEPSI LIGHT 6PF- PET 2000";"2000"
"7801620075897";"PORVENIR C/GAS 12PF-PET 500";"500"
"7801620075941";"PEPSI 12PF-PET 500";"500"
"7801620118433";"GATORADE FRUT TROP PET500 6X5";"500"
"7801620151058";"Canada Dry Ginger Ale Light";"1500"
"7801620151133";"GINGER ALE LIGHT 6PF-PET 3000";"3000"
"7801620167721";"WATT'S TUTIPAPAYA 6PF-PET 1500";"1500"
"7801620290160";"BILZ 6PF-PET 1500";"1500"
"7801620290184";"BILZ 6PFX4-LATA 350";"350"
"7801620290191";"BILZ 6PF-PET 2000";"2000"
"7801620300203";"PAP 6PFX4-LATA 350";"350"
"7801620300210";"PAP PET 2000 X 06";"2000"
"7801620330132";"CRUSH LATA 6PF X 4 - LATA 350";"350"
"7801620330217";"CRUSH 6PF-PET 1500";"1500"
"7801620330248";"CRUSH 6PF-PET 2000";"2000"
"7801620340049";"LIMON SODA 6PF-PET 1500";"1500"
"7801620340155";"LIMON SODA 6PFX4-LATA 350";"350"
"7801620340186";"LIMON SODA 6PF-PET 1500";"1500"
"7801620340216";"LIMON SODA 6PF-PET 2000";"2000"
"7801620350185";"KEM 6PF-PET 1500";"1500"
"7801620350215";"Kem";"2000"
"7801620360153";"GINGER ALE 6PFX4-LATA 350";"350"
"7804604722688";"Liv";"1500"
"7801620360184";"GINGER ALE 6PF-PET 1500";"1500"
"7801620360214";"GINGER ALE 6PF-PET 2000";"2000"
"7801620370107";"AGUA TONICA 6PF-PET 1500";"1500"
"7801620400255";"CACHANTUN S/GAS 6PF-PET 2250";"2250"
"7801620410162";"PORVENIR C/GAS 6PF-PET 1500";"1500"
"7801620410209";"PORVENIR S/GAS 12PF-PET 500";"500"
"5906213009715";"Ultimate";"250"
"7801620505066";"PORVENIR S/GAS 6PF-PET 1500";"1500"
"7801620852597";"AGUA TONICA 6PFX4-LATA 350";"350"
"7801620852689";"PEPSI 6PFX4-LATA 350";"350"
"7801620852702";"7UP LATA 6PF X 4 LATA 350";"350"
"7801620852726";"CRUSH LATA 6PF X 4 - LATA 350";"350"
"7801620852955";"CACHANTUN C/GAS 6PF-PET 1600";"1600"
"7801620853181";"CRUSH ZERO 6PFX4-LATA 350";"350"
"7801620853198";"CRUSH ZERO 6PF-PET 2000";"2000"
"7801620853204";"CRUSH ZERO 6PF-PET 1500";"1500"
"7801620853211";"CRUSH ZERO 12PF-PET 500";"500"
"7801620853396";"WATT'S NARANJA LIGHT 6P-PET1.5";"1500"
"7801620853457";"CRUSH 6PFX4-PET 250";"250"
"7801620853464";"CRUSH 6PFX4-PET 250";"250"
"7801620855017";"CACHANTUN C/GAS 6PFX4-PET 250";"250"
"7801620855024";"CACHANTUN C/GAS 6PFX4-PET 250";"250"
"7801620855161";"7UP LIGHT 6PF-PET 2000";"2000"
"7801620855185";"7UP LIGHT 12PF-PET 500";"500"
"7801620855215";"7UP 12PF-PET 500";"500"
"7801620855253";"PEPSI 6PFX4-PET 250";"250"
"7801620855260";"PEPSI 6PFX4-PET 250";"250"
"7801620855307";"7UP 6PF X 4-PET 250";"250"
"7801620855383";"GIN-A.TON 2PFX3-PET1500-TR";"1500"
"7801620871147";"FRUGO NARANJA 12PF-PET 500";"500"
"7802100000170";"LEMON STONES PET1500X6-TR";"1500"
"7802100000316";"HEINEKEN 12PCX2-LAT350 PDQ-LINEA";"350"
"7802100000330";"HEINEKEN 6PKX4-LAT350CC CARTUL";"350"
"7802100000392";"HEINEKEN 12PKX2-LAT350CC";"350"
"7802100000569";"DORADA 6.0 6PX4-LATA350CC";"350"
"7802100000583";"CRISTAL 12PX2-LATA350CC (3X4)";"350"
"7802100001139";"CRISTAL SIN ALCOHOL 6PX4LAT350CC";"350"
"7802100001580";"CRISTAL 18PK-LATA350CC";"350"
"7802100001696";"CRISTAL LIGHT 12PX2 LAT-350CC (3X4)";"350"
"7802100001757";"HEINEKEN 8PKX3-LAT350CC";"350"
"7802100001788";"ROYAL GUARD 12PKX2-LATA350CC";"350"
"7802100001795";"CRISTAL 18PK-LATA350CC";"350"
"7802100001801";"ESCUDO SILVER 6PFX4-LAT350CC";"350"
"7802100001955";"HEINEKEN 12PCX2-LAT350 PDQ-LINEA";"350"
"7802100002112";"LEMON STONES 8P-LAT350CC";"350"
"7802100002174";"MORENITA 6PFX4-LAT350CC";"350"
"7802100002358";"COORS LIGHT 6PX4-LAT355CC";"355"
"7802100002440";"ESCUDO 12PX2-LATA350CC (3X4)";"350"
"7802100002488";"ESCUDO18PK-LATA350CC";"350"
"7802100002518";"HEINEKEN LAT250X24";"250"
"7802100002532";"MARACUYA STONES 6PFX4-LAT350CC";"350"
"7802100002631";"ROYAL GUARD 12PKX2-LATA350CC";"350"
"7802100002648";"ESCUDO18PK-LATA350CC";"350"
"7802100002686";"SOL 12PX2-LATA269CC";"269"
"7802100002723";"CRISTAL RADLER CERO 6PX4LAT350";"350"
"7802100002808";"CRISTAL 24P-LATA269CC";"269"
"7802100002815";"APPLE STONES 6PFX4-LAT350CC";"350"
"7802100002846";"ROYAL GUARD 12PKX2-LATA350CC";"350"
"7802100002853";"ROYAL GUARD BUCKET REGALO 12PKX2-LAT350";"350"
"7802100002877";"ROYAL GUARD BUCKET REGALO 12PKX2-LAT350";"350"
"7802100002938";"ESCUDO SILVER 12PKX2-LAT350CC";"350"
"7802100002945";"ESCUDO SILVER 6PFX4-LAT350CC";"350"
"7802100002969";"ESCUDO SILVER 12PKX2-LAT350CC";"350"
"7802100002983";"ESCUDO SILVER 6PFX4-LAT350CC";"350"
"7802100006097";"LEMON STONES 6PFX4-LAT350CC";"350"
"7802100010292";"CRISTAL 6PFX4-LAT350CC";"350"
"7802100106094";"LEMON STONES 6PFX4-LAT350CC";"350"
"7802100206091";"LEMON STONES 6PFX4-LAT350CC";"350"
"7802100501196";"Heineken";"470"
"7802100501561";"ESCUDO 12PX2-LATA350CC (3X4)";"350"
"7802100505163";"CRISTAL 6PFX4-LAT350CC";"350"
"7802100505170";"ESCUDO 6PFX4-LATA350CC";"350"
"7802100505187";"ROY GUARD 6PKX4-LAT350CC CARTULINA";"350"
"7802100505323";"CRISTAL 6PFX4-LAT470CCPROMOCIÓN";"470"
"7802100505354";"CRISTAL 6PFX4-LAT470CCPROMOCIÓN";"470"
"7802100505378";"ESCUDO 6PX4-LAT470CC";"470"
"7802107000098";"KUNSTM-TOROB 4PCX6-LAT350";"350"
"7802107000104";"KUNSTM-TOROB 4PCX6-LAT350";"350"
"7802107000111";"KUNSTM-LAGER 4PCX6-LAT350";"350"
"7802107000128";"KUNSTM-S/ALC LAT350X24";"350"
"7802130000096";"Becker Genuine Lager";"354"
"7802175000303";"MISTRAL ICE 6PCX4-LAT310";"310"
"857501005313";"Viloe Aloe Pina";"500"
"7802820021950";"Vital de Chanqueahue mineral sin gas";"1600"
"7802820441529";"Benedictino Gasificada";"1500"
"7802820500035";"Andina del Valle Nectar Durazno";"1500"
"7802820600209";"Vital de Chanqueahue mineral sin gas";"600"
"7802820955514";"Glaceau Vitamin Water Arándano";"500"
"7802820990102";"Vital de Chanqueahue mineral sin gas";"990"
"7804300132835";"MANQUEHUITO PINA 6PX4-LAT350CC";"350"
"7804300132842";"MANQUEHUITO PINA 6PX4-LAT350CC";"350"
"7804604726778";"Nectar Durazno";"1500"
"7804625210041";"Agua Mineral Jahuel Termal Gasificada";"1600"
"7804625210058";"AGUA MINERAL JAHUEL SIN GAS";"1600"
"7804625210072";"AGUA MINERAL JAHUEL CON GAS";"500"
"7804625210089";"AGUA MINERAL JAHUEL SIN GAS";"500"
"7809595602322";"Puyehue Sin Gas";"1500"
"7809634100123";"AUSTRAL 4PX6-LAT350 2009 (FABRICADA EN PUNTA ARENAS)";"350"
"7809634100154";"PATAGONA PALE ALE 4PX6-LA350";"350"
"7809634100185";"PATAGONA PALE ALE 4PX6-LA350";"350"
"7809634100253";"AUSTRAL 10PX1-LAT350";"350"
"9002490100070";"ENERGIZANTE RED BULL";"250"
"9002490100094";"RED BULL ED LIMIT 24PF-LATA250";"250"
"9002490200237";"RED BULL SUG FREE LATA 250X24";"250"
"9002490206994";"RED BULL TRADIC 6PKX4-LAT250";"250"
"9002490214852";"RED BULL SUG FREE 4PKX6-LAT250";"250"
"9002490221010";"RED BULL TRADIC LATA 355X24";"355"
"9002490223137";"RED BULL SUG FREE 4PKX6-LAT250";"250"
"9002490224011";"RED BULL RED EDIT LATA 250X24";"250"
"9002490224028";"RED BULL BLUE EDIT LATA 250X24";"250"
"9002490224035";"RED BULL TRADIC 4PKX6-LAT250";"250"
"10000001638568";"7UP 6PF-PET 2500";"2500"
"10000001803270";"PEPSI ZERO 6PF- PET 2500";"2500"
"10000001803287";"PEPSI ZERO 6PF-PET 3000";"3000"
"10000001840343";"CRUSH ZERO 6PF-PET 2500-TR";"2500"
"10000001840350";"7UP LIGHT 6PF-PET 2500";"2500"
"7804660340000";"Unplug Beer";"330"
"7802820701012";"Power Ade Rojo";"600"
"10000001840367";"LIMON SODA 6PF-PET 2.5";"2500"
"10000001840374";"LIMON SODA ZERO 6PF-PET 2.5";"2500"
"17801620001190";"BILZ 6PF-PET 3000";"3000"
"17801620001213";"PAP PET 3000 X 06";"3000"
"17801620001220";"KEM 6PF-PET 3000";"3000"
"17801620001596";"CRUSH 6PF-PET 3000";"3000"
"17801620001640";"LIMON SODA PET 3000 X 06";"3000"
"17801620002234";"GIN-CRU-LSO 3PF-PET3000-TR";"3000"
"17801620017559";"PEPSI 6PF- PET 3000";"3000"
"884394006974";"OKF Coconut Drink";"500"
"7801620003692";"PURE LIFE C/GAS 6PF-PET 1500";"1500"
"884394006424";"OKF Aloe Drink Mango";"500"
"7802100506238";"Anana Stones Cerveza Pina";"350"
"19002490100077";"RED BULL ED LIMIT 24PF-LATA250";"250"
"27802100000174";"LEMON STONES PET1500X6-TR";"1500"
"27802100000624";"HEINEKEN 4PFX6-LAT470CC";"470"
"27802100505372";"ESCUDO 6PX4-LAT470CC";"470"
"78021000023272";"ESCUDO18PK-LATA350CC";"350"
"78021002060916";"LEMON STONES 6PFX4-LAT350CC";"350"
"78021005051638";"CRISTAL 6PFX4-LAT350CC";"350"
"78096341001234";"AUSTRAL 4PX6-LAT350 2009 (FABRICADA EN PUNTA ARENAS)";"350"
"73360771071";"La Croix Cúrate";"355"
"793573241962";"ENERGIZANTE SCORE";"500"
"793573259707";"ENERGIZANTE SCORE";"1500"
"793573966650";"ENERGIZANTE SCORE";"250"
"613008735012";"Cherry Lime Rickey";"695"
"78904644";"KAISER VRT 600ML 01 UN";"600"
"78904972";"HEINEKEN LN 330  UN";"330"
"78912939";"COCA-COLA PET 250ML UN";"250"
"25000053627";"Andina Naranja-Piña 100% Pet 450cc x 6";"450"
"25000056017";"andina Manzana 100% Pet 450cc x 6";"450"
"25000056031";"Andina Naranja 100% Pet 450 cc x 6";"450"
"7802800545247";"Yuz Nectar Zuko Damasco";"1500"
"70847009528";"Monster Energy Lata 473 cc X24";"473"
"70847009542";"Monster Lo-Carb Lata 473cc X24";"473"
"70847009559";"Monster J Ripper Lata 473cc X6";"473"
"70847009566";"Monster J Ripper LT 473cc X24";"473"
"70847020134";"Monster Energy Lata 473 cc 6X4";"473"
"70847020332";"Monster Energy XG LT 246 cc X6";"246"
"70847020349";"Monster Energy XG LT 246cc X24";"246"
"70847021964";"Monster Ultra Lata 473 cc X6";"473"
"70847021971";"Monster Ultra Lata 473 cc X24";"473"
"70847022220";"BURN LATA 473ML CX 04UN";"473"
"70847022503";"BURN LATA 473ML CX 04UN";"473"
"70847022534";"BURN LATA 473ML CX 04UN";"473"
"70847022565";"BURN LATA 473ML CX 04UN";"473"
"70847028512";"MONSTER LO CARB LATA 473ML CX 06UN";"473"
"70847029205";"Monster Ultra Sunrise Lata 473 cc X6";"473"
"70847029212";"Monster Ultra Sunrise Lata 473 cc X24";"473"
"786162003690";"Glaceau Smartwater PT500 X6 S/G";"500"
"786162338006";"Glaceau Smartwater PT1.0 X12 S/G";"1000"
"815154021111";"BURN PET 1L CX 04UN";"1000"
"815154021210";"BURN LATA 260ML CX 06UN";"260"
"2789490009301";"FANTA GUARANÁ LATA 250ML 12UN FT";"250"
"5035766060253";"MURPHY´S STOUT LATA 500ML CX 24UN";"500"
"7501055320080";"BURN ENERGY DRINK 310CC LATA";"310"
"7501055323074";"BURN ENERGY DRINK 450 X6 LATA";"450"
"7790001001030";"PROMO MUNDIAL CC 237cc";"237"
"7790001001054";"BOTELLA V/NR COCA COLA ZERO 237 CC";"237"
"7790001001061";"Botella Fanta Splash 2,0 L - Exportación";"2000"
"7790001001146";"GENERICO 12 BOT. 1,5 REF PET";"1500"
"7790001001153";"BOTELLA BONAQUA NRGB 500 CC";"500"
"7790425001555";"Cerveza Bieckert Lata 355x24";"355"
"7790895000010";"Coca-Cola 2L BT PET C N 1X6";"2000"
"7790895000034";"Fanta Naranja 2L BT PET C N 1X6";"2000"
"7790895000041";"Sprite 2L BT PET C N 1X6";"2000"
"7790895000117";"Kin sin gas PT2.0 x4";"2000"
"7790895000201";"Kin sin gas PT500 x12";"500"
"7790895000218";"Coca Cola  RefPet 2000 x 9";"2000"
"7790895000232";"Coca-Cola 354ML LAT ALUM N 6X1";"354"
"7790895000256";"Fanta Naranja 354ML LAT ALUM N 6X1";"354"
"7790895000270";"Sprite 354ML LAT ALUM N 6X1";"354"
"7790895000416";"Fanta Limon 2L BT PET C N 1X6";"2000"
"7790895000430";"Coca-Cola 1.5L BT PET C N 4X1";"1500"
"7790895000447";"Sprite 1.5L BT PET C N 1X6";"1500"
"7790895000454";"Fanta Naranja 1.5L BT PET C N 1X6";"1500"
"7790895000461";"Fanta Limon 1.5L BT PET C N 1X6";"1500"
"7790895000539";"Fanta Pomelo 2L BT PET C N 1X6";"2000"
"7790895000546";"Fanta Pomelo 1.5L BT PET C N 1X6";"1500"
"7790895000782";"Coca-Cola 500ML BT PET C N 1X12";"500"
"7790895000829";"Sprite 500ML BT PET C N 1X6";"500"
"7790895000836";"Fanta Naranja 500ML BT PET C N 1X12";"500"
"7790895000997";"Coca-Cola 2.25L BT PET C N 1X1";"2000"
"7790895001000";"Sprite 2.25L BT PET C N 1X6";"2000"
"7790895001017";"Fanta Naranja 2.25L BT PET C N 1X6";"2000"
"7790895001024";"FANTA POMELO 2.25 L BT PET C N 1X6";"2000"
"7790895001031";"Fanta Limon 2.25L BT PET C N 1X6";"2000"
"7790895001055";"Fanta Pomelo 500ML BT PET C N 1X6";"500"
"7790895001321";"Quatro Pomelo 354ML LAT ALUM N 1X24";"354"
"7790895001345";"Quatro Pomelo 1.5L BT PET C N 1X6";"1500"
"7790895001352";"Quatro Pomelo 2L BT PET C N 1X6";"2000"
"7790895001369";"Quatro Pomelo 500ML BT PET C N 1X6";"500"
"3244851003224";"Boris Slam";"500"
"7790895001376";"Quatro Pomelo 2.25L BT PET C N 1X6";"2000"
"7790895001413";"Coca-Cola 1000 Pet x 12";"1000"
"7801620007225";"7UP light";"1750"
"7790895001437";"Coca Cola light 354ML LAT ALUM N 6X1";"354"
"7790895001451";"Coca-Cola light 1.5L BT PET C N 4X1";"1500"
"7790895001468";"Coca-Cola light 2L BT PET C N 2X1";"2000"
"7790895001482";"Coca-Cola light 500ML BT PET C N 1X12";"500"
"7790895001697";"Coca-Cola 500ML BT PET C N 6X1";"500"
"7790895001703";"Sprite Pet 500 x 24";"500"
"7790895002304";"Fanta Zero Naranja 1.5L BT PET C N 1X6";"1500"
"7790895002335";"Fanta Zero Naranja 500ML BT PET C N 1X6";"500"
"7790895002397";"Aquarius by Cepita Naranja 500ML PET 1X8";"500"
"7790895002434";"Aquarius by Cepita Pera 500ML PET 1X8";"500"
"7790895002458";"Aquarius by Cepita Manzana 500ML PET 1X8";"500"
"7790895002601";"Fanta Zero Naranja 2.25L Bt Pet CN x 6";"2000"
"7790895002618";"Sprite Zero 1L BT PET C N 1X9";"1000"
"7790895002632";"Coca Cola Botella Aluminio 250 x 6";"250"
"7790895002656";"COCA COLA 375 PET X 6";"375"
"7790895002922";"Quatro Liviana Limon Light 500ML PET 1X6";"500"
"7790895003288";"Aquarius Pomelo 2,25 x 6 PET";"2000"
"7790895003295";"Aquarius Pera 2,25 x 6 PET";"2000"
"7790895003301";"Aquarius Manzana 2,25 x6 PET";"2000"
"7790895003318";"Aquarius Uva 2,25 x 6 PET";"2000"
"7790895003325";"Aquarius Naranja 2,25 x 6 PET";"2000"
"7790895003868";"BONAQUA FEMSA PET 500 S/G X6";"500"
"7790895003875";"BONAQUA PET 1500 S/G X6";"1500"
"7790895003882";"BONAQUA PET 2000 S/G X6";"2000"
"7790895003943";"BONAQUA PET 500 C/G X6";"500"
"7790895003950";"BONAQUA PET 1500 C/G X6";"1500"
"7790895004513";"Schweppes Lima Limon 1.5L Pet 1x6 - 28*5";"1500"
"7790895004520";"Schweppes Lima Limon Pet 2.25 x 8";"2000"
"7790895004537";"Schweppes Lima Limon Lata 354cc x 6";"354"
"7790895004575";"Schweppes Pomelo Pet 1.5 x 6";"1500"
"7790895004582";"Schweppes Pomelo Pet 2.25 x 8";"2000"
"7790895004599";"Schweppes Pomelo Lata 354cc x 6";"354"
"7790895004636";"Powerade Mandarina HF Pet 500 x 6";"500"
"7790895004643";"Powerade Gold Fever 500ML BT PET C N 1X6";"500"
"7790895004667";"Schweppes Tonica Pet 2.25 x 8";"2000"
"7790895004827";"COCA COLA LATA 354 X 8";"354"
"7790895005015";"Sprite Pet 1000 x 8";"1000"
"7790895005039";"FANTA NAR  PET 1000 X 8";"1000"
"7790895005046";"Fanta Naranja Bot Pet 500x6 -  45*7";"500"
"7790895005053";"Coca Cola light 1L BT PET C N 1X9";"1000"
"7790895005114";"Coca Cola Life 500ml Pet C N 1x12 - 24*7";"500"
"7790895005138";"Coca Cola Life 1.5L Pet C N 1x6 - 28*5";"1500"
"7790895005183";"COCA COLA LIFE LATA 354X6";"354"
"7790895005312";"Coca Cola Light Pet Cont 2250 x 8";"2000"
"7790895005596";"COCA COLA LIFE LATA 250X6";"250"
"7790895005602";"Coca Cola latas 250x12";"250"
"7790895005770";"Powerade Lima Limon HF Pet 500 x 6";"500"
"7790895005787";"POWERADE LIMA LIMON 500ML BT PET CN X 6";"500"
"7790895005923";"Fanta Naranja latas 250x12";"250"
"7790895005930";"Sprite latas 250x12";"250"
"7790895005954";"Coca Cola Zero Lata 250x12";"250"
"7790895006005";"CEPITA NUTRIDEFENSAS MANZANA 200ML TT X1";"200"
"7790895006029";"Powerade Mountain Blast HF Pet 995cc x6";"995"
"7790895006036";"Powerade Manzana HF Pet 995cc x6";"995"
"7790895006098";"Powerade Naranja HF Pet 995cc x6";"995"
"7790895006104";"Powerade Frutas Tropicales HF Pet 995x6";"995"
"7790895006593";"TAI NAR  PET 2250 X 8";"2000"
"7790895006609";"Tai Lli Pet 2250 x 8";"2000"
"7790895006715";"Schweppes Tonica 1.5L Pet C N 1x6 - 28*5";"1500"
"7790895006722";"Schweppes Citrus 1.5L Pet C N 1x6 - 28*5";"1500"
"7790895006814";"Schweppes Citrus 354ML LAT ALUM N 6X1";"354"
"7790895006821";"Schweppes Tonica 354ML LAT ALUM N 6X4";"354"
"7790895006951";"Crush Naranja  Pet 2250 x 8";"2000"
"7790895006999";"Coca Cola  Pet 1500 x 2";"1500"
"7790895007125";"Crush Naranja 2L BT PET C N 1X6";"2000"
"7790895007347";"SODA KIN PET 2250 X 6 NF";"2000"
"7790895007385";"Crush Lima Limon Pet 2250 x 8";"2000"
"7790895007453";"Crush Lima Limon 2L BT PET C N 1X6";"2000"
"7790895008481";"AQUARIUS LIMONADA 500x6 Pet";"500"
"7790895008498";"Aquarius Limonada 1500x6 Pet";"1500"
"7790895008504";"Aquarius Limonada 2,25x 6 PET";"2000"
"7790895008573";"Burn Energy Lata 354 ml x 6";"354"
"7790895008627";"Aquarius Delight Naranja 500 x 6 Pet";"500"
"7790895008634";"Aquarius Delight Naranja 1500 x 6 Pet";"1500"
"7790895008658";"Aquarius Delight Pera 500 x 6 Pet";"500"
"7790895008665";"Aquarius Delight Pera 1500 x 6 Pet";"1500"
"7790895009037";"Aquarius Multifruta 500 x 6 Pet";"500"
"7790895009051";"Aquarius Multifruta 1500 x 6 Pet";"1500"
"7790895009532";"Aquarius Limonada Lata 354 x 6";"354"
"7790895009549";"Aquarius Multifruta Lata 354 x 6";"354"
"7790895009556";"Aquarius Pera Lata 354 x 6";"354"
"7790895009693";"Aquarius Pomelo Lata 354 x 6";"354"
"7790895009815";"CEPITA HF NARANJA TENTACIÓN 1LT X 6";"1000"
"7790895009846";"CEPITA HF DURAZNO DELICIOSO 1LT X 6";"1000"
"7790895010088";"Schweppes Pomelo Zero 1500 x 6 PET";"1500"
"7790895010132";"AQUARIUS NARANJA TROPICAL 500X6 PET";"500"
"7790895010149";"Aquarius Naranja Tropical 1500 x 6 Pet";"1500"
"7790895063268";"Diet Fanta Naranja 500ML BT PET C N 1X6";"500"
"7790895063794";"Coca Cola Light RefPet 2000 x 9";"2000"
"7790895064142";"SPRITE ZERO PET 500X12 -  24*7";"500"
"7790895064166";"Sprite Zero 2.25L Bot Pet CNT 1x8";"2000"
"7790895064173";"Sprite Zero 1.5L Bt Pet C N 1x6 - 28*5";"1500"
"7790895064357";"Sprite Zero 2L BT PET C N 1X6";"2000"
"7790895064364";"Sprite Zero 354ML LAT ALUM N 1X6";"354"
"7790895066412";"Dasani (Carb) 1.5L BT PET C N 1X6";"1500"
"7790895066429";"Dasani (Carb) 500ML BT PET C N 1X12";"500"
"7790895066436";"Dasani 1.5L BT PET C N 6X1";"1500"
"7790895067532";"Coca Cola Zero Pet 500x12 -  24*7";"500"
"7790895067556";"Coca Cola Zero 1.5L Pet C N 1x6 - 28*5";"1500"
"7790895067563";"Coca-Cola Zero 2L BT PET C N 1X6";"2000"
"7790895067570";"Coca-Cola Zero 2.25L BT PET C N 1X6";"2000"
"7790895067587";"Coca-Cola Zero 354ML LAT ALUM N 1X6";"354"
"7790895067617";"Coca Cola Zero Ref Pet 2000x9";"2000"
"7790895067631";"Coca-Cola Zero 1L BT PET C N 1X9";"1000"
"7790895639760";"Coca-Cola 1.5L BT PET C N 1X2";"1500"
"7790895640018";"Powerade Manzana 500ML Bot Pet CNx6 45*7";"500"
"7790895640025";"Powerade M Blast 500ML Bot Pet C N 45*7";"500"
"7790895640032";"Powerade Naranja 500ML Bot Pet CNx6 45*7";"500"
"7790895640049";"Powerade Light Naranja 500ML BT PET 1X6";"500"
"7790895640322";"Quatro Liviana Pomel 1.5L Pet 1x6 - 28*5";"1500"
"7790895640339";"Quatro Liviana Pomelo Light 500ML PET X6";"500"
"7790895640445";"Aquarius by Cp Pera 500 Bt Pet 1x6 -45*7";"500"
"7790895640452";"Aquarius by Cep Manzan 500 Pet 1x6 -45*7";"500"
"7790895640469";"Aquarius by Cep Pomelo 500 PET 1X6 -45*7";"500"
"7790895640476";"Aquarius Monresa Pera 1.5L BT PET 1X6";"1500"
"7790895640483";"Aquarius Monresa Manzana 1.5L PET 1X6";"1500"
"7790895640490";"Aquarius Monresa Pomelo 1.5L PET 1X6";"1500"
"7790895640834";"Coca-Cola light 310ML LAT ALUM N 1X6";"310"
"7790895640841";"Coca-Cola Zero 310ML LAT ALUM N 1X6";"310"
"7790895640858";"Diet Fanta Naranja 310ML LAT ALUM N 1X6";"310"
"7790895640872";"Diet Schweppes Citrus 310ML LAT ALUM 1X6";"310"
"7790895640896";"Sprite Zero 310ML LAT ALUM N 1X6";"310"
"7790895641121";"Powerade Manzana 750ML BT PET C N 1X6";"750"
"7790895641152";"Powerade Mountain Blast 750ML BT PET C N";"750"
"7790895641169";"Powerade Frutas Tropicales 750ML BT PET";"750"
"7790895641183";"Powerade Frut Tropical 500ML BotPet 45*7";"500"
"7790895641190";"Powerade Citrus 500ML BT PET C N 1X6";"500"
"7790895641206";"Aquarius by Cep Uva 500 Bt Pet 1x6 -45*7";"500"
"7790895641213";"Aquarius by Cep Naranj 500 Pet 1x6 -45*7";"500"
"7790895641220";"Aquarius Monresa Uva 1.5L BT PET 1X6";"1500"
"7790895641237";"Aquarius Monresa Naranja 1.5L PET 1X6";"1500"
"7790895641602";"Fanta Zero Naranja 310ML LAT ALUM N 1X6";"310"
"7790895641978";"BONAQUA FEMSA PET 2250 S/G X6";"2000"
"7793147000882";"(*)AMSTEL R.LT473X24 SIX";"473"
"7793147001186";"(*)PALERMO LT 473X24 SIX";"473"
"7793147001629";"(*)HEINEKEN L354 2X12DOC";"354"
"7793147001766";"(*)SOL R LT 473 CCX24 LP";"473"
"7793147001827";"(*)MILLER LT473 1X24L LP";"473"
"7793147009175";"(*)HEINEKEN LT 473X24SIX";"473"
"7793147009182";"(*)HEINEKEN LT 354X24 LP";"354"
"7793147009199";"(*)HEINEKEN LT 473X24 LP";"473"
"7793147021337";"Cerveza Palermo Lata 355x24";"355"
"7793147118815";"(*)BUDWEISER LT 355X24LP";"355"
"7793147118822";"(*)BUDWEISER LT 473X24LP";"473"
"7793147118853";"(*)SCHNEIDER LT 355X24LP";"355"
"7793147118860";"(*)SCHNEIDER LT 473X24LP";"473"
"7793147570057";"(*)MILLER LT473 4X6L FO";"473"
"7794000792302";"ADES LIGHT MANZANA MULT10 200M";"200"
"7795697615172";"(*)MILLER LT 473 4X6 SIX";"473"
"7801610000229";"BURN LATA 310CC X6";"310"
"7801610000236";"Fanta Limon Lata 250 cc. 6 x 4";"250"
"7801610000274";"Two Pack  C.C. Light +Nestea Pet 1,5 x 2";"1500"
"7801610000342";"C.Cola Light PT 250cc*6 (Fabricado)";"250"
"7801610000359";"C. Cola Zero PT 250cc*6 (Fabricado)";"250"
"7801610000366";"Burn Lata 310 cc Two Pack  X 3";"310"
"7801610000649";"Nordic G.Ale Lata 310Ccx6";"310"
"7801610000656";"Ctar Papaya Pet 2,25X6";"2000"
"7801610000731";"Quatro Papaya Mid Cal PT500 X6";"500"
"7801610000755";"Quatro Raspberry LT350 cc. pack 1*6";"350"
"7801610000762";"Quatro Piña LT350 cc. pack 1*6";"350"
"7804167001862";"Lider Pera";"1600"
"7801610000786";"Quatro Papaya LT350 cc. pack 1*6";"350"
"7801610000861";"Coca Cola Zero LT350 X12 + Vaso";"350"
"7801610000878";"Aquarius Manzana Low Cal PT 250 X6";"250"
"7801610000885";"Coca Cola Zero PT500 X6";"500"
"7801610000939";"Aquarius Durazno Low Cal PT 250 X6";"250"
"7801610001202";"coca cola lata 350 cc. sixpack  6*4";"350"
"7801610001400";"Coca Cola 2.25 lts pet *6";"2000"
"7801610001615";"Coca Cola pet 2,0 lts *6 term.";"2000"
"7801610001745";"Coca cola lata 350 cc. pack * 12 TC";"350"
"7801610001752";"Coca Cola Pet 500 cc. x 6";"500"
"7801610001806";"Pack coca cola pet 1,5lts*4";"1500"
"7801610001813";"Pack coca cola pet 2.0 lts *4";"2000"
"7801610001943";"Coca Cola Pet 250cc.x6 (Fab.)";"250"
"7801610001974";"coca cola original pet 1 litro x 6";"1000"
"7801610002209";"fanta lata 350 cc. sixpack  6*4";"350"
"7801610002230";"fanta ref pet 1,5 lts *12";"1500"
"7801610002247";"Fanta PT2.0 x6";"2000"
"7801610002407";"fanta pet 2,25 lts * 6";"2000"
"7801610002605";"Fanta Pet 500 cc. x 6 ( Fabricado)";"500"
"7801610002940";"Fanta PT250 x6";"250"
"7801610002957";"Fanta Pet 250 cc. x  12";"250"
"7801610002971";"Fanta PT1.0 x6";"1000"
"7801610005200";"sprite lata 350 cc. sixpack  6*4";"350"
"7801610005231";"sprite ref pet 1,5 lts *12";"1500"
"7801610005248";"Sprite PT2.0 x6";"2000"
"7801610005262";"Sprite PT1.5 x6";"1500"
"7801610005606";"Sprite Pet 500 cc x 6  ( Fabricado)";"500"
"7801610005941";"Sprite PT250 x6";"250"
"7801610005972";"Sprite PT1.0 x6";"1000"
"7801610018262";"quatro pet 1,5 lts *6 term.";"1500"
"7801610018286";"quatro ref pet 2,0 lts * 8";"2000"
"7801610018750";"quatro pet 500 cc. *6 term.";"500"
"7801610019245";"nordic ginger ale pet 2,0 lts *6 term.";"2000"
"7801610020241";"nordic a.tónica pet 2,0 lts *6 term.";"2000"
"7801610022238";"coca cola light ref pet 1,5 lts *12";"1500"
"7801610022740";"Coca Cola Light Pet 2,0 Lts x 6";"2000"
"7801610022771";"Coca Cola light pet 500 cc*6 trans/print";"500"
"7801610022801";"Pack Coca Cola Light PT1.5lts x4";"1500"
"7801610022962";"coca cola light lata 350 cc. sixpack6*4";"350"
"7801610022979";"coca cola light pet 1 litro x 6";"1000"
"7801610023198";"sprite light lata 350 cc. * 24";"350"
"7801610023600";"sprite light pet 500 cc. *12 term.";"500"
"7801610023723";"sprite light pet 1,5 lts *6 term.";"1500"
"7801610029206";"Fanta Light Lata 350 cc. 6 * 4";"350"
"7801610029268";"fanta light pet 1,5 lts *6 term.";"1500"
"7801610029282";"fanta light ref pet 2,0 lts * 8";"2000"
"7801610034712";"Tai Naranja pet 2,0 lts *6";"2000"
"7801610036716";"Tai Lima Limón pet 2,0 lts *6";"2000"
"7801610039724";"tai tutti fruti pet 2 lts *6";"2000"
"7801610050002";"Coca-Sprite pet 1,5 x 2";"1500"
"7801610066225";"Fanta Zero Pet 1,5 Lts. x 6";"1500"
"7801610066522";"Fanta Zero Pet 500 cc. x 6";"500"
"7801610066621";"Fanta Zero Lata 350 cc.  6 X 4";"350"
"7801610070314";"coca cola light-fanta light pet 1,5 x 2";"1500"
"7801610070352";"Pack 2cc-1fta-1spr pet 1,5 X 4";"1500"
"7801610102350";"Fanta  Pet Ball 300 cc x 6";"300"
"7801610105993";"Coca Cola pet 1,75 lts *6";"1750"
"7801610106006";"Coca Cola pet 1,25 lts *6 term.";"1250"
"7801610118245";"Quatro Zero Ref Pet 2,0 lts * 8";"2000"
"7801610118269";"Quatro Light pt 1,5 lts *6 term.";"1500"
"7801610118603";"Quatro Zero Pet 500 cc. *6 term.";"500"
"7801610125021";"Coca Cola Light Pet 1,25 lts x 6";"1250"
"7801610131008";"Quatro Raspberry Lt 350 cc. sixpack  6*4";"350"
"7801610131022";"Quatro Frambuesa Mid Cal PT1.5 X6";"1500"
"7801610131107";"Quatro Frambuesa Mid Cal PT500 X6";"500"
"7801610132005";"Quatro Piña Lt 350 cc. sixpack  6*4";"350"
"7801610132029";"Quatro Piña Mid Cal PT1.5 X6";"1500"
"7801610132104";"Quatro Piña PT500 cc. x 6";"500"
"7801610133002";"Quatro Papaya Lt 350 cc. sixpack  6*4";"350"
"7801610133026";"Quatro Papaya Mid Cal PT1.5 X6";"1500"
"7801610134207";"Quatro Papaya Mid Cal PT2.0X6";"2000"
"7801610134214";"Quatro Piña Mid Cal PT2.0X6";"2000"
"7801610134221";"Quatro Frambueza Mid Cal PT2.0X6";"2000"
"7801610134252";"Quatro Pomelo Zero PT2.0X6";"2000"
"7801610152225";"Two Pack Pet 1.5 (CC.Light -G.Ale Zero )";"1500"
"7801610175095";"Coca Cola pet Light 1,75 lts *6";"1750"
"7801610203224";"Nordic Ginger Ale Lata 350 cc. 6x4";"350"
"7801610212011";"Ctar Limon Pet 2.250X6";"2000"
"7801610212059";"Ctar Guinda Pet 2.250X6";"2000"
"7801610212073";"Ctar Framb Pet 2,25 X6";"2000"
"7801610212097";"Ctar Piña Pet 2.250X6";"2000"
"7801610212103";"Ctar Papaya Pet 1,5 X6";"1500"
"7801610212127";"Ctar Framb Pet 1,5 X 6";"1500"
"7801610212530";"Cantarina Frambuesa MC PT500 X6";"500"
"7801610212554";"Cantarina Papaya MC PT500 X6";"500"
"7801610223154";"Two Pack Sprite Zero  pet 1.5  x 2";"1500"
"7801610223208";"Sprite Zero Lata 350 cc. 6 * 4";"350"
"7801610223567";"Nordic A.Tonica Lata 350ccx24 (6x4)";"350"
"7801610223604";"Sprite Zero pet 500 cc. *6";"500"
"7801610223741";"Sprite Zero Pet 2,0 lts  x 6";"2000"
"7801610230510";"Inca Kola Zero Pet 1,5 Lts. x 6";"1500"
"7801610230558";"Inca Kola  Zero PT 500 cc x 6";"500"
"7801610231517";"Inca Kola Mango Pet 1.5 L x 6";"1500"
"7801610232064";"Inca Kola Zero Ref Pet 2,0 lts x 8";"2000"
"7801610235003";"Inca Kola pet 500 cc x 6";"500"
"7801610245019";"coca cola lata 250 cc * 24";"250"
"7801610245026";"sprite lata 250 cc. * 24";"250"
"7801610245262";"coca cola light lata 250 cc * 24";"250"
"7801610245958";"fanta lata 250 cc. * 24";"250"
"7801610271056";"Nordic Mist G. Ale Zero Pt 1,5x6";"1500"
"7801610271087";"Nordic Mist Ginger Ale Zero Lata310cc6x4";"310"
"7801610271537";"Nordic Zero G. Ale PT 500cc*6";"500"
"7801610032718";"tai papaya pet 2 lts";"2000"
"7801610273500";"Nordic Ginger Ale Zero Lata 350 cc 6x4";"350"
"7802800545230";"Zuko Damasco";"1500"
"7801610273562";"Nordic Mist Gin Ale Zero LT350*6";"350"
"7801610300152";"Coca Cola  Pet Ball 300 cc x 6";"300"
"7801610300213";"Two Pack Pet 1.5 (C.C.Light+Fanta N+ViC)";"1500"
"7801610305287";"Coca Cola Zero  PT 2,0 Lt*6";"2000"
"7801610310113";"Coca Cola Zero Lata 310 cc. 6x4";"310"
"7801610310182";"Sprite Zero Lata 310Cc X 6";"310"
"7801610310298";"Nordic Agua Tonica Lata 310Ccx6";"310"
"7801610315231";"Three Pack Pet 1,5 Fanta (Nar-Limon-Uva)";"1500"
"7801610320129";"3Pack PT 2Lts (2CCL + 1 FZ)";"2000"
"7801610320143";"3Pack PT 2 Lt. (2 C.C.L+1 SPZ)";"2000"
"7801610325193";"Fanta Limon Pet 500 cc x 6";"500"
"7801610325452";"Coca Cola Pet 250 X 12 Aluminio Conm.";"250"
"7801610341742";"Two Pack C.Cola /C.Cola Zero Pet 1.5 x 2";"1500"
"7801610351055";"Coca Cola Zero Lata 350 Ten Pack 4 x 10";"350"
"7801610352410";"Two Pack Coca Cola Zero Pet 1.5 x 2";"1500"
"7801610354414";"Pack Coca Cola Zero Pt 1,5lts x4";"1500"
"7801610355152";"Fanta Limon Lata 350 cc. 1 X 6";"350"
"7801610355558";"Fanta Limon Pet 1,5 lts x 6";"1500"
"7801610356159";"C.Cola Zero Lata 250 cc * 6";"250"
"7801610356357";"C.Cola Zero Lata 350 sixpack  6*4";"350"
"7801610356425";"Coca Cola Zero Pet 580 x 6";"580"
"7801610401088";"Aquarius Pera Pet 500 cc x 6 Producido";"500"
"7801610401095";"Aquarius Manzana Pet500 cc x 6 Producido";"500"
"7801610402061";"Aquarius Pera Pet 1,5 Lts. x 6 Producido";"1500"
"7801610402764";"Aquarius Mixto Pet 500 cc x 2 ( Per-Man)";"500"
"7801610409589";"Aquarius Manzana Pet 1,5 Lts. x 6 Prod.";"1500"
"7801610410035";"Coca Cola Light Pet 410 cc. x 6";"410"
"7801610410127";"Coca Cola Pet 410 cc. x 6";"410"
"7801610410332";"Coca Cola Zero Pet 410 cc. x 6";"410"
"7801610441572";"Coca Cola Zero Cherry PT1.5 X6";"1500"
"7801610442128";"Aquarius Piña Pet 500 cc x 6";"500"
"7801610442227";"Aquarius Uva Pet 500 cc x 6 Producido";"500"
"7801610443255";"Aquarius Piña Pet 1,5 Lts. x 6";"1500"
"7801610443453";"Aquarius Uva Pet 1,5 Lts. x 6 Producido";"1500"
"7801610444115";"Coca Cola Vainilla LT350 X6";"350"
"7801610444139";"Coca Cola Zero Vainilla LT350 X6";"350"
"7801610444986";"Coca Cola Zero Vainilla PT1.5 X6";"1500"
"7801610444993";"Coca Cola Vainilla PT1.5 X6";"1500"
"7801610445167";"Coca Cola Zero Cherry LT350 X6";"350"
"7801610448809";"Four Pack Pet 1.5 (1NDZ+1CCL+1SPZ+1FZ )";"1500"
"7801610451502";"Coca Cola Light Limón pet 1,5 lts *6";"1500"
"7801610455005";"Coca Cola Light Limon Pet 500 x 6";"500"
"7801610456019";"Coca Cola Light Limon Lata 350 cc 6*4";"350"
"7801610481035";"Aquarius Limonada Low Cal PT500 X6";"500"
"7801610481509";"AQUARIUS MANZANA PT1.5 X6 LOW CAL";"1500"
"7801610481516";"AQUARIUS PERA PT1.5 X6 LOW CAL";"1500"
"7801610481523";"AQUARIUS UVA PT1.5 X6 LOW CAL";"1500"
"7801610481530";"Aquarius Limonada Low Cal PT1.5 X6";"1500"
"7801610481547";"AQUARIUS PAPAYA PT1.5 X6  LOW CAL";"1500"
"7801610481608";"Aquarius Manzana PT500*6 LOW CAL";"500"
"7801610481615";"AQUARIUS PERA PT500 X6 LOW CAL";"500"
"7801610481622";"Aquarius Uva PT500 *6 LOW CAL";"500"
"7801610481646";"Aquarius Papaya PT500*6  LOW CAL";"500"
"7801610483015";"Aquarius Naranja Low Cal PT500 X6";"500"
"7801610483039";"Aquarius Duranzo PT500 *6 LOW CAL";"500"
"7801610483053";"Aquarius Naranja Low Cal PT1.5 X6";"1500"
"7801610483077";"AQUARIUS DURAZNO PT1.5*6 LOW CAL";"1500"
"7801610484166";"Aquarius Pomelo Low Cal PT500 X6";"500"
"7801610484197";"Aquarius Naranja Low Cal PT250 X6";"250"
"7801610484265";"Aquarius Pomelo Low Cal PT1.5 X6";"1500"
"7801610522004";"coca-fanta pet 1,5 x 2";"1500"
"7801610543214";"Six Pack C.C.Lata 350 + Pringles  x 3";"350"
"7801610544259";"Fanta Roja Pet 250 cc x 6";"250"
"7801610551066";"Fanta Exotica Pet 500 cc. x 6";"500"
"7801610580264";"Coca Cola  Pet 580 cc. x 6";"580"
"7801610580363";"Coca Cola Light Pet 580 cc. x 6";"580"
"7801610589519";"Two Pack 1 Fanta Zero+1C.C.Light Pet 1.5";"1500"
"7801610591123";"Fanta Zero PT 591cc*6";"591"
"7801610610275";"Nordic Ginger Ale MC PT500X6";"500"
"7801610611005";"coca cola lata 250 cc * 6";"250"
"7801610611104";"fanta lata 250 cc. x 6";"250"
"7801610611203";"sprite lata 250 cc. x 6";"250"
"7801610611401";"coca cola light lata 250 cc * 6";"250"
"5708887000117";"Slots Pilsner";"330"
"7801610611500";"ginge ale lata 250 cc. sixpack  6*4";"250"
"7801610611814";"Quatro Light Lata 350 cc  6*4";"350"
"7801610611906";"Nordic A.Tonica Lata 250ccX24 (6x4)";"250"
"7801610665985";"Fanta Zero Pet 250 cc. x 6";"250"
"7801610666333";"Fanta Zero Pet 2 Lts. x 6";"2000"
"7801610671023";"Fanta Nar.Zero+ Vitamina C Pet 500cc.x 6";"500"
"7801610671030";"Fanta Nar.Zero+ Vit C Pt 1,5L x6";"1500"
"7801610671061";"Fta Nar.Zero+Vitamin C PT 2Lt*6";"2000"
"7801610671115";"Fanta Zero Naranja Ref Pet 2.0 Lt X 6";"2000"
"7801610676356";"Fanta Nar.Zero+Vitamina C Lata 350cc.6x4";"350"
"7801610689516";"Coca Cola Zero Pet 1,25 lts x 6 term.";"1250"
"7801610700006";"coca cola pet 1 lt * 4";"1000"
"7801610720080";"Coca Cola Life PT 1.5 Lts*6";"1500"
"7801610720165";"Coca Cola Life PT 591cc*6";"591"
"7801610720639";"Coca Cola Life Lata 350 (6x4)";"350"
"7801610720868";"Coca Cola Life Pet 250 X6";"250"
"7801610755419";"Clip 2 Litros Ref Pet  x 3 (2 C.C.+ 1Fn)";"2000"
"7801610772157";"Fanta Frutilla Lata 350 cc.  6 x 4";"350"
"7801610772225";"Fanta Frutilla Pet 500 cc. x 6 term";"500"
"7801610772300";"Fanta Frutilla Pet 1,5 lts. x 6 term.";"1500"
"7801610777435";"Fanta Frutilla Pet 250 cc x 6";"250"
"7801610777657";"Two Pack Pet 1.5 (C.Cola-Fanta Frutilla)";"1500"
"7801610786567";"Fanta Mandarina Pet 500 cc *6";"500"
"7801610788127";"Fanta Roja Lata 350 cc.  6 x 4";"350"
"7801610788165";"Fanta Roja Pet 500 cc x 6";"500"
"7801610788189";"Fanta Roja Pet 1,5 L x 6";"1500"
"7801610812501";"coca light - spr Zero  pet 1.5 pack x 2";"1500"
"7801610871003";"Quatro Guarana Pet 1,5 lts x 6";"1500"
"7801610876565";"Quatro Guarana Pet 500 cc. x 6";"500"
"7801610878415";"Sprite Zero Pet 250 X6";"250"
"7801610879931";"Quatro Guarana Lata 350 cc. 6x4";"350"
"7801610880265";"Fanta Uva Pet  500 cc. x 6  term.";"500"
"7801610881255";"Fanta Uva Lata 350 cc. X 6";"350"
"7801610884423";"Aquarius Limón Pet 1,5 Lts. x 6";"1500"
"7801610884614";"Aquarius Limón Pet 500 cc x 6";"500"
"7801610885529";"Fanta Uva Pet 1,5 Lts. x 6 term.";"1500"
"7801610999011";"2 C.Cola Zero LT350 X6 + Hielera Metal";"350"
"7802175000300";"PISCO MISTRAL ICE 7?LAT310 6X4";"310"
"7802820000030";"Andina Nectar Damasco Pt 1,5x6";"1500"
"7802820000122";"Powerade Zero L-Limon PT 600*6";"600"
"7802820000511";"Two Pack Andina Naran/Duraz  Pet 1.5";"1500"
"7802820000887";"Vitaminwater Powerc PT 500cc*4";"500"
"7802820000894";"Vitaminwater Revive PT 500cc*4";"500"
"7802820001013";"Benedictino C/G PT1. 5 x 4";"1500"
"7802820001044";"Andina Low Cal Damasco 0% PT1.5 X6";"1500"
"7802820001051";"Andina Low Cal Manzana 0% PT1.5 X6";"1500"
"7802820001082";"Andina Low Cal Frutilla 0% PT1.5 X6";"1500"
"7802820020274";"vital con gas pet 500 cc. *12 term.";"500"
"7802820020908";"Vital Pet 2.0 Lt X6 Con Gas";"2000"
"7802820021523";"vital sin gas pet 500 cc. *12 term.";"500"
"7802820021905";"Vital Pet 2.0 Lt X6 Sin Gas";"2000"
"7802820023121";"kapo Durazno lata 335cc. x 6";"335"
"7802820024128";"kapo Naranja lata 335cc. x 6";"335"
"7802820026122";"Kapo Piña lata 335cc. x 6";"335"
"7802820048322";"Nect. Pt 1.5Lts Durazno Light x6";"1500"
"7802820131000";"Vital Pet 500 Soft x 12";"500"
"7802820131017";"Vital PT 1.6Lts. Soft";"1600"
"7802820160048";"Fuze Tea Verde Limón Light Pet 400cc x 6";"400"
"7802820160116";"Fuze Tea Verde Limón  Pt 1,5Ltx6";"1500"
"7802820160130";"Fuze Tea Neg Durazno PT 1,5Lt*6";"1500"
"7802820160147";"Fuze Tea Verde Limón Light Pet 1,5 Lt x6";"1500"
"7802820160154";"Fuze T, Negro Lim.Light Pt1.5 x6";"1500"
"7802820160611";"Fuze Tea Verde Limón PT 400cc*6";"400"
"7802820160628";"Fuze Tea Negro Limón Pet 400 cc x 6";"400"
"7802820160635";"Fuze Tea Negro Durazno Pet 400 cc x 6";"400"
"7802820160659";"Fuze Tea Neg Lg Limón PT 400cc*6";"400"
"7802820160666";"Fuze Tea Blanco Mandarina Pet 400cc.x 6";"400"
"87250237";"Horses 3 Malt";"330"
"7802820210118";"Andina Frut Piña Light  Pet 2.0  x 6";"2000"
"7802820210132";"Andina Frut Durazno Light  Pet 2.0  x 6";"2000"
"7802820210422";"And.Nectar Durazno Pet 2.0  x6";"2000"
"7802820210521";"Andina Frut Naranja Pet 2.0  x 6";"2000"
"7802820210620";"Andina Frut  Piña Pet 2.0  x 6";"2000"
"7802820210729";"Andina Frut Naranja Light  Pet 2.0  x 6";"2000"
"7802820250305";"Andifrut Manzana Pet 250 x 6";"250"
"7802820400151";"Andina Frut Naranja Pet 400 x 6";"400"
"7802820400168";"Andina Frut Piña  Pet 400 x 6";"400"
"7802820400182";"Andina Frut Naranja Light Pet 400 x 6";"400"
"7802820405019";"Dasani Pet 500cc con gas x 12";"500"
"7802820405118";"Dasani Pet 1,5 lts. con gas x 6";"1500"
"7802820405361";"3Pack Vital PT 1,6*3 C/G AM";"1600"
"7802820405514";"Dasani Citrus Pet 500cc con gas x 12";"500"
"7802820405613";"Dasani Citrus Pet 1,5 lts. con gas x 6";"1500"
"7802820406115";"Dasani Pet 1,5 lts. sin gas x 6";"1500"
"7802820415704";"Dasani Mandarina c/gas pet 1.5 cc x  6";"1500"
"7802820441000";"Benedictino PT 500c *12 S/G(Fab)";"500"
"7802820441123";"Benedictino PT 500cc *12 C/G";"500"
"7802820441482";"Benedictino S/G PT1. 5 x4";"1500"
"7802820441512";"Benedictino PT 1.5 Lt*6 S/G";"1500"
"7802820441802";"Benedictino PT 2,0lts *6 C/G";"2000"
"7802820442069";"Benedictino Limon PT500 X6 S/G";"500"
"7802820442168";"Benedictino Limon PT1.5 X6 S/G";"1500"
"7802820442267";"Benedictino Frutilla PT500 X6 S/G";"500"
"7802820444292";"Benedictino Frutilla PT1.5 X6 S/G";"1500"
"7802820446661";"3Pack Benedictino PT 1,5 C/G";"1500"
"7802820470178";"Andina Nectar Durazno Pet 400 x 6";"400"
"7802820500158";"Powerade Frozen Blast Pet 500 x 6";"500"
"7802820500165";"Powerade Naranja Pet 500 x 6";"500"
"7802820500332";"And Nectar Damasco Light PT1,5*6";"1500"
"7802820500530";"Andina Nectar Papaya Pet 1,5  x 6";"1500"
"7802820501018";"Powerade Lima Limon Pet 500 x 6";"500"
"7802820502893";"Powerade Lima Limon Light Pet 500 x 6";"500"
"7802820505610";"Nect.PET1,5LTS OW naranja x 6";"1500"
"7802820560015";"Sabores Caseros Naranja Pet 300 cc. x 12";"300"
"7802820560039";"Sabores Caseros Naranja Pet 1 Lt. x 6";"1000"
"7802820560107";"Sabores Caseros Mango PT 300cc*12";"300"
"7802820560138";"Sabores Caseros Mango PT 1Lt*6";"1000"
"7802820560206";"Sabores Caseros Durazno Pet 300 cc. x 12";"300"
"7802820560237";"Sabores Caseros Durazno PT 1Lt*6";"1000"
"7802820560305";"Sabores Caseros Pera Pet 1 Lt. x 6";"1000"
"7802820600308";"Vital Pet 600cc Soft *12";"600"
"7802820601664";"Fuze Tea Blanco Mandarina Pet 1,5 Lt x 6";"1500"
"7802820604009";"Vital Pet 600 x 4 c/gas";"600"
"7802820645859";"Andina Light  Piña 1.5 Pet x 6";"1500"
"7802820651010";"Dasani  pet 1.5 Lts. Durazno con gas x 6";"1500"
"7802820651553";"Powerade Naranja pt 600x6 SPMK";"600"
"7802820652116";"Powerade Frozen Blast PT 600cc*6";"600"
"7802820653359";"Powerade Lima Limon pet 600 x 6 SPMK";"600"
"7802820656251";"Dasani Pet 1,5 lts. Limon con gas x 6";"1500"
"7802820656558";"Powerade Frozen Blast pet 600 x 6";"600"
"7802820656664";"Powerade Naranja pet 600 x 6";"600"
"7802820656688";"Dasani Balance Durazno Pet 500 cc x 6";"500"
"7802820656695";"Dasani Active Limon  Pet 500 cc x 6";"500"
"7802820656763";"Powerade Lima Limon Light Pet 600 x 6";"600"
"7802820657661";"Powerade Green Punch  Pet 600 cc. x 6";"600"
"7802820658668";"Powerade Rojo  Pet 600 x 6";"600"
"7802820665666";"Powerade Frutilla Pet 500 x 6";"500"
"7802820669367";"Powerade Uva Pet 600 cc x 6 SPMK";"600"
"7802820669565";"Powerade Frutilla Pet 600 x 6 SPMK";"600"
"7802820670981";"Powerade Zero F- Blast PT 600*6";"600"
"7802820671001";"Powerade Zero Uva PT 600*6";"600"
"7802820672121";"Powerade Zero Lima Limon PT1.0 x6";"1000"
"7802820672145";"Powerade Zero Uva PT1.0 x6";"1000"
"7802820679540";"Powerade Green Punch PT 1Lt*6";"1000"
"7802820679991";"Powerade Zero F- Blast PT1.0 x 6";"1000"
"7802820700046";"Andifrut Naranja Pet 250 x 6";"250"
"7802820700053";"Andina Frut Naranja Pet 1,5  x 6";"1500"
"7802820700114";"andi naranja fresh lata 335 cc. * 6";"335"
"7802820700244";"Andifrut Piña Pet 250 x 6";"250"
"7802820700251";"Andina Frut Piña Pet 1,5  x 6";"1500"
"7802820700305";"andi piña fresh lata 335 cc. * 6";"335"
"7802820700435";"Andina Frut Manzana Pet 1,5  x 6";"1500"
"7802820700497";"andi manzana fresh lata 335 cc. * 6";"335"
"7802820700633";"And Frut Naranja Light PT 1,5*6";"1500"
"7802820700671";"andi naranja Light lata 335 cc. * 6";"335"
"7802820701104";"Hi-c Naranja Pet 200 x 6";"200"
"7802820701210";"Powerade Rojo Pet  1 Lt. x 6";"1000"
"7802820701616";"Powerade Rojo  Pet 600 x 6 SPMK";"600"
"7802820751017";"Dasani Durazno Antiox. Pet 500 cc x 6";"500"
"7802820751253";"Dasani Durazno Antiox. Pet 1.5 Lts. x 6";"1500"
"7802820751291";"Dasani Citrus Antiox .Pet 500 cc x 6";"500"
"7802820751352";"Dasani Citrus Antiox. Pet 1,5 lts.  x 6";"1500"
"7802820751390";"Dasani Mandarina Antiox .Pet 500 cc x 6";"500"
"7802820751413";"Dasani Mandarina Antiox. Pet 1.5 cc x  6";"1500"
"7802820751444";"Dasani Manzana c/gas pet 500 cc x 6";"500"
"7802820751482";"Dasani Manzana Antiox Pet 1.5 cc x  6";"1500"
"7802820752519";"Nestea Limon  Pet 1,5 x 6";"1500"
"7802820752526";"Nestea Durazno Pet 1,5 x 6";"1500"
"7802820752533";"Nestea Limon Light  Pet 1,5 x 6";"1500"
"7802820752687";"NESTEA TE VERDE PET 400 x 6";"400"
"7802820756630";"NESTEA TE VERDE PET 1,5 X 6";"1500"
"7802820757125";"Nestea Durazno  Pet 400 x 6";"400"
"7802820757224";"Nestea Limon Pet 400 x 6";"400"
"7802820757323";"Nestea Limon Light Pet 400 x 6";"400"
"7802820758153";"Nestea Durazno Light Pet 400 x 6";"400"
"7802820758245";"Nestea Durazno  Light  Pet 1,5 x 6";"1500"
"7802820758283";"Nestea Te Verde Libre Calorias PET 1,5X6";"1500"
"7802820758474";"Nestea Te Verde Libre Calorias PET 400x6";"400"
"7802820777024";"Vitaminwater Defense PT 500cc*4";"500"
"7802820777048";"Vitaminwater Essential Pet 500 cc. x 4";"500"
"7802820777062";"Vitaminwater Energy  PT 500cc*4";"500"
"7802820777086";"Vitaminwater Multivitam Pet 500 cc. x 4";"500"
"7802820850307";"And.Frut Tutti Fruti  Pt 1,5 x 6";"1500"
"7802820851021";"Powerade Frozen Blast PT 1Lt*6";"1000"
"7802820851045";"Powerade Lima Limon Pet 1 Lt. x 6";"1000"
"7802820851052";"Powerade Naranja Pet 1 Lt. x 6";"1000"
"7802820851274";"Powerade Frutilla Pet  1 Lt. x 6";"1000"
"7802820851663";"Powerade Lima  Limon Light Pet 1 Lt. x 6";"1000"
"7802820951127";"2Pack Andifrut Nar/Dur  Pet 2.0";"2000"
"7802820955521";"Vitaminwater XXX PT 500cc*4";"500"
"7802820999228";"two Pack And Naran/Duraz light  Pet 1.5";"1500"
"7804603460284";"Benedictino Light pet 2,0 lts x6 Con Gas";"2000"
"7809634100215";"KONIG LATA NUEVA IMAGEN 350X24";"350"
"7840058000019";"COCA COLA PET 500 CCX12";"500"
"7840058000026";"COCA COLA PET 2 LT X 6";"2000"
"7840058000033";"DIET CC PET 2 LT X 6";"2000"
"7840058000040";"FANTA PET 500 CCX12";"500"
"7840058000057";"FANTA PET 2 LT X 6";"2000"
"7840058000071";"SPRITE PET 500 CCX12";"500"
"7840058000088";"SPRITE PET 2 LT X 6";"2000"
"7840058000101";"DIET SPRITE PET 2 LT X 6";"2000"
"7840058000118";"SIMBA GUARANA PET 500 X12";"500"
"7840058000125";"GUARANA PET 2 LT X 6";"2000"
"7840058000132";"SIMBA PIÑA PET 500 X12";"500"
"7840058000149";"SIMBA PIÑA PET 2L X 6";"2000"
"7840058000163";"SIMBA POMELO PET 2L X 6";"2000"
"7840058000170";"DIET COCA PET500 X12";"500"
"7840058000187";"DIET SPRITE PET500X12";"500"
"7840058000477";"COCA COLA REF PET 2 LT.";"2000"
"7840058000484";"SPRITE REF PET 2 LITROS";"2000"
"7840058000507";"SIMBA PIÑA RP 2 LT.";"2000"
"7840058000514";"SIMBA GUARANA RP 2 LT.";"2000"
"7840058000521";"SIMBA POMELO RP 2 LT.";"2000"
"7840058000538";"AQVARIS PET500 C/GX12";"500"
"7840058000545";"AQVARIS PET 2 LTX6 C/G";"2000"
"7840058000552";"AQVARIS PET500 S/GX12";"500"
"7840058000569";"AQVARIS PET 2 LTX6 S/G";"2000"
"7840058000576";"FRESCA POMELO PET500X12";"500"
"7840058000583";"FRESCA POMELO PET2LX6";"2000"
"7840058000590";"FRESCA POMELO 350 CC";"350"
"7840058000675";"COCA COLA PET 1.5 LT.X 6";"1500"
"7840058000705";"SPRITE 1.5 LT X 4";"1500"
"7840058000736";"SIMBA GUARANA PET 1500 X4";"1500"
"7840058000750";"COCA COLA PET 2.25L X 6";"2000"
"7840058000767";"FANTA NARANJA PT2.25LX4";"2000"
"7840058000774";"SPRITE PET 2.25L X 4";"2000"
"7840058000866";"CC LIGHT PET 500 X 12";"500"
"7840058000873";"CC LIGHT PET 1.5 LT.X 6";"1500"
"7840058001030";"COCA COLA FD PET 500 CC X 6";"500"
"7840058001061";"SCHWEPPES CITRUS 2LPETX4";"2000"
"7840058001122";"S.GUARANA PET 500 CCX12";"500"
"7840058001153";"SIMBA GUARANA PET 2LT X6";"2000"
"7840058001184";"SIMBA PIÑA PET 500X12";"500"
"7840058001214";"SIMBA PIÑA PET 2LT X 6";"2000"
"7840058001306";"GINI POMELO 2LT PETX6";"2000"
"7840058001375";"SIMBA NARANJA PET2LTX6";"2000"
"7840058001382";"COCA COLA PET 2L X4 PROMO SS";"2000"
"7840058001467";"COCA COLA 190CC RGB";"190"
"7840058001474";"SIMBA GUAR.190CC RGB A";"190"
"7840058001481";"SPRITE  190CC RGB";"190"
"7840058001498";"FANTA NARANJA 190CC RGB";"190"
"7840058001740";"SPRITE ZERO PET 500 X12";"500"
"7840058001757";"F. N. MANDARINA PET 500 X12";"500"
"7840058001856";"SPRITE ZERO 1.5LT PETX4";"1500"
"7840058001887";"COCA COLA PET 250 CCX12";"250"
"7840058001924";"COCA COLA PET 500 CC X 6";"500"
"7840058002181";"DASANI B DURAZNO PET 500 CCX6";"500"
"7840058002280";"FANTA ZERO PET 500 X12";"500"
"7840058002297";"FANTA ZERO PET 1,5X4";"1500"
"7840058002532";"COCA COLA ZERO PET 500 X12";"500"
"7840058002549";"COCA COLA ZERO 1.5 LT PET X 4";"1500"
"7840058002556";"COCA COLA ZERO PET 250X12";"250"
"7840058002563";"COCA COLA ZERO 2.25 LT PETX4";"2000"
"7840058002570";"CC ZERO 1.5 PET X4 MIXTO";"1500"
"7840058002938";"CRUSH PIÑA 2LT PETX4";"2000"
"7840058002945";"CRUSH POMELO 2LT PETX4";"2000"
"7840058002952";"CRUSH GUARANA 2LT PETX6";"2000"
"7840058003010";"CRUSH NARANJA 2LT PETX4";"2000"
"7840058003089";"FANTA GUARANA PET 500 X12";"500"
"7840058003102";"FANTA GUARANA PT2.25LX4";"2000"
"7840058003119";"FN.NARA.MANDARINA PT1.5LX4";"1500"
"7840058003126";"FN.NARA.MANDARINA PT2.25LX4";"2000"
"7840058003348";"PWD MULTIFRUTA ION4 PET FB";"500"
"7840058003362";"AQUARIUS PERA PET 410 X6";"410"
"7840058003379";"AQUARIUS PIÑA PET 410 X6";"410"
"7840058003386";"AQUARIUS MANZANA PET 410 X6";"410"
"7840058003393";"AQUARIUS PERA PET 1500 X4";"1500"
"7840058003409";"AQUARIUS PIÑA PET 1500 X4";"1500"
"7840058003416";"AQUARIUS MANZANA PET 1500 X4";"1500"
"7840058003638";"COCA COLA ZERO PET 2L X 4";"2000"
"7840058003690";"FANTA PIÑA PET 500 X12";"500"
"7840058003713";"FANTA PIÑA PET 2.25LX4";"2000"
"7840058003812";"AQUARIUS NARANJA PET 1500 X4";"1500"
"7840058003829";"AQUARIUS NARANJA PET 410 X6";"410"
"7840058004000";"PWD MULTIFRUTA ION4 PET 500X6";"500"
"7840058004086";"COCA COLA ZERO PET 2L X 4";"2000"
"7840058004345";"CRUSH PIÑA + POMELO 2LT PETX2";"2000"
"7840058004352";"CRUSH PIÑA + NARANJA 2LT PETX2";"2000"
"7840058004413";"FANTA ZERO PET 1,5X2";"1500"
"7840058004420";"SPRITE ZERO 1.5LT PETX2";"1500"
"7840058004437";"COCA COLA REF PET 2L X2 + BOT";"2000"
"7840058004628";"COCA COLA PET 2.25L X 4 PROMO";"2000"
"7840058004673";"FANTA GUARANA PET 2L X 4";"2000"
"7840058004697";"FANTA PIÑA PET 2L X 4";"2000"
"7840058004703";"FN.NARA.MANDARINA PT2LX4";"2000"
"7840058004710";"SPRITE ZERO PET 2L X 4";"2000"
"7840058004727";"FANTA ZERO PET 2L X 4";"2000"
"7840058004802";"FANTA ZERO PET 2.0L X2";"2000"
"7840058004819";"SPRITE ZERO PET 2.0L X2";"2000"
"7840058005090";"COCA COLA PET 250CCX12 P10LL12";"250"
"7840058005106";"AQUARIUS NARANJA PET 1500 X2";"1500"
"7840058005212";"AQUARIUS POMELO PET 410 X6";"410"
"7840058005229";"AQUARIUS POMELO PET 1500 X4";"1500"
"7840058005369";"COCA COLA PET 2L X 2 + VASO";"2000"
"7840058005397";"COCA COLA PET 2L X 4 PR SUPER";"2000"
"7840058005441";"AQUARIUS POMELO PET 1500 X2";"1500"
"7840058005694";"POWERADE GPUNCH FULLBODY P4LL6";"190"
"7840058005847";"COCA COLA 500 PET P5L6 + VASO";"500"
"7840058005854";"FANTA UVA PET 500 X6";"500"
"7840058005861";"FANTA UVA PET 2L X 4";"2000"
"7840058005878";"COCA COLA REF PET 2L X2 + UTEN";"2000"
"7840058005946";"CRUSH GUARANA 2L PET X2";"2000"
"7840058005977";"CRUSH GUARANA + PIÑA 2L PETX2";"2000"
"7840058005984";"COCA COLA PET 2.25L X 2";"2000"
"7840058006011";"AQUARIUS MULTIFRUTA PET 410 X6";"410"
"7840058006028";"AQUARIUS MULTIFRUTA PET 1500X4";"1500"
"7840058006110";"SCHWEPPES POMELO PET 500X6";"500"
"7840058006158";"CRUSH GUARANA + POMELO 2L PETX2.";"2000"
"7840058006165";"COCA COLA CHERRY PET 500 CCX6";"500"
"7840058006172";"SPRITE CRANBERRY PET 500 CCX6";"500"
"7840058006240";"CC ZERO PET 250CCX12 P10 LL12";"250"
"7840058006349";"COCA COLA PET 2L X 2 SMK";"2000"
"7840058006356";"COCA COLA ZERO PET 2.0L X2 SMK";"2000"
"7840058006387";"COCA COLA PET 375 CCX12";"375"
"7804167001879";"Lider Manzana";"1600"
"7840058006394";"COCA COLA ZERO PET 375 CCX6";"375"
"7840058006486";"CC 2L+CCZ 2L PET+MOCHI OLIMPIA";"2000"
"7840058006493";"CC 2L+CCZ 2L PET+MOCHI CERRO";"2000"
"7840058006509";"COCA COLA PET 1.0L X4";"1000"
"7840058006516";"COCA COLA ZERO PET 1.0L X4";"1000"
"7840058006530";"COCA COLA PET 375CCX6 P5 LL6 SMK";"375"
"7840058006547";"COCA COLA ZERO PET375X6 P5LL6 SMK";"375"
"7840058006608";"SPRITE NUEVA PET 500ML X12";"500"
"7840058006615";"SPRITE NUEVA PET 2L X4";"2000"
"7840058006752";"COCA COLA 2.0LPET+DASANI 2.25L";"2000"
"7840058006783";"SPRITE NUEVA 2L PETX2 SMK";"2000"
"7891098000293";"LEÃO ICE TEA LIMAO LT 340ML UN";"340"
"7891098000309";"LEÃO ICETEA PESSEGO LT 340ML UN";"340"
"7891098000576";"FUZE IT LIMAO PET 1,5L CX 06UN";"1500"
"7891098000583";"LEÃO ICE TEA PESSEGO PET 1,5L UN";"1500"
"7891098000606";"LEÃO TEA PESSEG ZERO LT 340ML UN";"340"
"7891098000620";"COPO MATE NATURAL 300ML UN";"300"
"7891098000637";"COPO MATE C/ LIMAO 300 ML UN";"300"
"7891098000682";"GUARANA POWER 300ML UN";"300"
"7891098000767";"LEÃO TEA LIMAO ZERO PET 1,5L UN";"1500"
"7891098000774";"FUZE IT PESSEGO ZERO PET 1,5L CX 06UN";"1500"
"7891098000811";"MATTE LEAO NATURAL PET 1,5L CX 06UN";"1500"
"7891098000828";"MATTE LEAO LIMAO PET 1,5L CX 06UN";"1500"
"7891098000835";"MATTE LEAO PESSEGO PET 1,5L CX 06UN";"1500"
"7891098000859";"MATTE LEAO NATUR ZERO PET 1,5L CX 06UN";"1500"
"7891098000866";"MATTE LEAO LIMAO ZERO PET 1,5L CX 06UN";"1500"
"7891098036889";"FUZE CV LIMAO ZERO PET 1,5L CX 06UN";"1500"
"7891098036896";"FUZE CV ABA HOR PET 1,5L CX 06UN";"1500"
"7891098040008";"FUZE IT PESSEGO ZERO PET 300ML CX 06UN";"300"
"7891098040015";"FUZE IT PESSEGO PET 300ML CX 06UN";"300"
"7891098040022";"FUZE IT LIMAO ZERO PET 300ML CX 06UN";"300"
"7891098040039";"FUZE IT LIMAO PET 300ML CX 06UN";"300"
"7891098040046";"FUZE CV LIMAO ZERO PET 300ML CX 06UN";"300"
"7891098040084";"MATTE LEAO NATURAL PET 300ML CX 06UN";"300"
"7801601006402";"Sprite";"1100"
"7891098040107";"MATTE LEAO LIMAO PET 300ML CX 06UN";"300"
"7891098040114";"MATTE LEAO LIMAO ZERO PET 300ML CX 06UN";"300"
"7802800545216";"Zuko Naranja";"1500"
"7891098040121";"MATTE LEAO NATURAL ZR PET 300MLCX06UN";"300"
"7891700203067";"ADES UVA TB 200ML 01UN";"200"
"7891991006101";"BAVARIA PILSEN LATA 350ML UN";"350"
"7891991006200";"BAVARIA LATA 350ML CX 12UN";"350"
"7894000001159";"ADES UVA TB 1L 01UN";"1000"
"7894000047522";"ADES ABACAXI TB 1L 01UN";"1000"
"7894900010015";"COCA-COLA LT 350ML 01UN";"350"
"7894900010046";"COCA-COLA LATA 350ML CX 06UN";"350"
"7894900010220";"COCA-COLA HI-CONE LATA 350ML CX 06UN";"350"
"7894900010244";"COCA-COLA LATA 350ML CX 12UN LMPM";"350"
"7894900010329";"COCA-COLA LATA 270ML CX 06UN";"270"
"7894900010398";"COCA-COLA 220ML LT SLEEK 01UN";"220"
"7894900010404";"COCA-COLA 220ML LT SLEEK CX 12UN";"220"
"7894900011159";"COCA-COLA 310 ML LT SLEEK 01UN";"310"
"7894900011203";"COCA-COLA LATA 250ML CX 12UN - ME";"250"
"7894900011517";"COCA-COLA PET 2L 1UN";"2000"
"7894900011579";"COCA-COLA PET 2L CX 09UN";"2000"
"7894900011609";"COCA-COLA PET 600ML 01UN";"600"
"7894900011685";"COCA-COLA PET 600ML CX 06UN LMPM";"600"
"7894900011739";"COCA-COLA PET 1L CX 06UN";"1000"
"7894900011807";"COCA-COLA PET 1,5L UN";"1500"
"7894900011968";"COCA-COLA PET 250ML CX 12UN - ME";"250"
"7894900011999";"COCA-COLA PET 250ML CX 12UN LMPM";"250"
"7894900012118";"COCA-COLA PET 2L+250ML GT CX 06UN";"2000"
"7894900012200";"COCA-COLA PET 250ML CX 12UN LV12 PG11";"250"
"7894900013511";"COCA-COLA ALUM 250ML CX 06UN OLIMPIADAS";"250"
"7894900013528";"COCA-COLA CLUB ALU 250ML CX 06UN - ME";"250"
"7894900013559";"COCA-COLA ALUM 250ML CX 06UN ROM BRITTO";"250"
"7894900014174";"COCA-COLA SFS 1,5L 01UN";"1500"
"7894900014211";"COCA-COLA REF PET 2L UN";"2000"
"7894900014242";"COCA-COLA REF PET 2L CX 09UN";"2000"
"7894900015034";"COCA-COLA KS 1 UNIDADE";"190"
"7894900015119";"COCA-COLA LS 1L 1UN";"1000"
"7894900018219";"COCA-COLA PET 2L CX 04UN";"2000"
"7894900018226";"COCA COLA PET 2L CX 06  UN FD L";"2000"
"7894900018394";"COCA-COLA PET 2L + 250ML GRATIS UN";"2000"
"7894900018448";"COCA-COLA PET 2L+250ML GT CX 04UN";"2000"
"7894900018547";"COCA-COLA PET 1,5L CX 04UN";"1500"
"7894900018561";"COCA-COLA PET 2L+500ML GT CX 06UN";"2000"
"7894900018639";"COCA-COLA PET 2,25L CX 06UN";"2000"
"7894900018899";"COCA-COLA PET 1,75L CX 06UN";"1750"
"7894900019308";"COCA-COLA LATA 350ML 6UN - 1 LATA GRÁTIS";"350"
"7894900019834";"COCA-COLA LATA 350ML CX 06UN";"350"
"7894900019841";"COCA-COLA LATA 350ML CX 12UN";"350"
"7894900019865";"COCA-COLA LATA 250ML CX 12UN";"250"
"7894900019902";"COCA-COLA PET 600ML CX 06UN";"600"
"7894900019919";"COCA-COLA PET 600ML CX 12UN";"600"
"7894900019926";"COCA-COLA PET 2L CX 06UN - ME";"2000"
"7894900021011";"COCA-COLA CEREJA LATA 310ML CX 06UN";"310"
"7894900022018";"COCA-COLA BAUNILHA LATA 310ML CX 06UN";"310"
"7894900023015";"COCA-COLA LARANJA LATA 310ML CX 06UN";"310"
"7894900024012";"COCA-COLA LIMAO SICI LATA 310ML CX 06UN";"310"
"7894900030013";"FANTA LARANJA LT 1 UNID";"350"
"7894900031201";"FANTA LARANJA LATA 250ML CX 12UN - ME";"250"
"7894900031607";"FL PET 600ml 1UN";"600"
"7894900031751";"FANTA LARANJA PET 1,5L UN";"1500"
"7894900031805";"FANTA LARANJA PET 1,5L CX 06UN";"1500"
"7894900032079";"FANTA LARANJA PET 2L UN";"2000"
"7894900034226";"FANTA LARANJA REF PET 2L CX 12UN";"2000"
"7894900035032";"FANTA LARANJA KS 1 UNID";"190"
"7894900035117";"FANTA LARANJA LS 1 UNID";"1000"
"7894900038392";"FANTA LARANJA PET 2L+250ML GT CX 06UN";"2000"
"7894900039832";"FANTA LARANJA LATA 350ML CX 06UN";"350"
"7894900039849";"FANTA LARANJA LATA 350ML CX 12UN";"350"
"7894900039863";"FANTA LARANJA LATA 250ML CX 12UN";"250"
"7894900039900";"FANTA LARANJA PET 600ML CX 06UN";"600"
"7894900039917";"FANTA LARANJA PET 600ML CX 12UN";"600"
"7894900039924";"FANTA LARANJA PET 2L CX 06UN";"2000"
"7894900041514";"FANTA LARANJA ZERO PET 2L CX 06UN - ME";"2000"
"7894900049848";"FANTA LARANJA ZERO LATA 350ML CX 12UN";"350"
"7894900049923";"FANTA LARANJA ZERO PET 2L CX 06UN";"2000"
"7894900050011";"FANTA UVA LATA 1 UNIDADE";"350"
"7894900051513";"FANTA UVA PET 2L UN";"2000"
"7894900051636";"FANTA UVA  PET 600ML CX 06UN";"600"
"7894900051759";"FANTA UVA PET 1,5L CX 06UN";"1500"
"7894900055047";"FANTA UVA KS 290ML UN";"290"
"7894900059830";"FANTA UVA LATA 350ML CX 06UN";"350"
"7894900059847";"FANTA UVA LATA 350ML CX 12UN";"350"
"7894900059915";"FANTA UVA  PET 600ML CX 12UN";"600"
"7894900059922";"FANTA UVA PET 2L CX 06UN";"2000"
"7894900060010";"SPRITE LATA 1 UNIDADE";"350"
"7894900060225";"SPRITE LATA 350ML CX 06UN LMPM";"350"
"7894900061208";"SPRITE LATA 250ML CX 12UN - ME";"250"
"7894900061512";"SPRITE PET 2L UN";"2000"
"7894900061635";"SPRITE PET 600ML CX 06UN";"600"
"7894900061758";"SPRITE PET 1,5L CX 06UN";"1500"
"7894900068566";"SPRITE PET 2,25L CX 06UN";"2000"
"7894900069839";"SPRITE LATA 350ML CX 06UN";"350"
"7894900069846";"SPRITE LATA 350ML CX 12UN";"350"
"7894900069860";"SPRITE LATA 250ML CX 12UN";"250"
"7894900069921";"SPRITE PET 2L CX 06UN";"2000"
"7894900071511";"SPRITE ZERO PET 2L CX 06UN - ME";"2000"
"7894900079838";"SPRITE ZERO LATA 350ML CX 06UN - ME";"350"
"7894900079845";"SPRITE ZERO LATA 350ML CX 12UN - ME";"350"
"7894900079906";"SPRITE ZERO PET 600ML CX 06UN";"600"
"7894900079920";"SPRITE ZERO PET 2L CX 06UN";"2000"
"7894900090352";"FANTA MVERDE+MARAC LT 250ML CX02UNX1 ME";"250"
"7894900091007";"FANTA MARACUJA LATA 350ML CX 06UN";"350"
"7894900091014";"FANTA MARACUJA PET 2L CX 06UN";"2000"
"7894900094091";"FANTA GUARANÁ ZERO LATA 350ML 12UN FT";"350"
"7894900100280";"COCA-COLA LG PLUS LATA 310ML CX 06UN";"310"
"7894900110029";"I9 MARACUJA PET 500ML CX 06UN JV";"500"
"7894900111002";"I9 HIDROTONICO MARACUJA 500ML UN";"500"
"7894900111026";"I9 MARACUJA PET 500ML CX 06UN";"500"
"7894900119893";"I9 LIMAO PET 500ML CX 06UN JV";"500"
"7894900129892";"I9 TANGERINA PET 500ML CX 06UN JV";"500"
"7894900131604";"CC light PET 600ml 1UN";"600"
"7894900131710";"CC LIGHT PET 1UN";"1000"
"7894900139846";"COCA-COLA LG LATA 350ML CX 12UN";"350"
"7894900139914";"COCA-COLA LG PET 600ML CX 12UN";"600"
"7894900139921";"COCA-COLA LG PET 2L CX 06UN";"2000"
"7894900140019";"FANTA UVA ZERO LATA 350ML CX 06UN";"350"
"7894900149845";"FANTA UVA ZERO LATA 350ML CX 12UN";"350"
"7894900159837";"FANTA LARANJA ZERO LATA 350ML CX 06UN-ME";"350"
"7894900159844";"FANTA LARANJA ZERO LATA 350ML CX 12UN-ME";"350"
"7894900169836";"FANTA UVA ZERO LATA 350ML CX 6UN - ME";"350"
"7894900180008";"SCHWEPPES GINGER ALE LATA 350ML CX 06UN";"350"
"7894900180015";"SCHWEPPES GINGER ALE LT 350ML CX 06UN-ME";"350"
"7894900181005";"SCHWEPPES GRA FUSION LATA 350ML CX 06 UN";"350"
"7894900181012";"SCHWEPPES GRAPE FUS LT 350ML CX 06UN-ME";"350"
"7894900182019";"SCHWEPPES GUARANA CLA LATA 350ML CX 06UN";"350"
"7894900191738";"COCA-COLA LG PET 1L CX 06UN";"1000"
"7894900300017";"SCHWEPPES TONICA LATA 350ML CX 6UN - ME";"350"
"7894900309836";"SCHWEPPES TONICA LATA 350ML CX 06UN";"350"
"7894900309843";"SCHWEPPES TONICA LATA 350ML CX 12UN";"350"
"7894900310016";"SCHWEPPES CLUB SODA LT 350ML CX 06UN-ME";"350"
"7894900319835";"SCHWEPPES CLUB SODA LATA 350ML CX 06UN";"350"
"7894900320015";"SCHWEPPES CITRUS LATA 350ML CX 6UN - ME";"350"
"7894900321753";"SCHWEPPES CITRUS PET 1,5L CX 06UN - ME";"1500"
"7894900321807";"SCHWEPPES CIT PET 1,5L CX 06UN";"1500"
"7894900329834";"SCHWEPPES CIT LATA 350ML CX 06UN";"350"
"7894900329841";"SCHWEPPES CITRUS LATA 350ML CX 12UN";"350"
"7894900369830";"SCHWEPPES TONICA LG LATA 350ML CX 06UN";"350"
"7894900370041";"SCHWEPPES CIT LG LATA 350ML CX 06UN - ME";"350"
"7894900379839";"SCHWEPPES CIT LG LATA 350ML CX 06UN";"350"
"7894900401042";"BURN LATA 473ML CX 04UN";"473"
"7894900401080";"BURN LATA 260ML CX 06UN LMPM";"260"
"7894900401103";"BURN LATA 260 ML UN";"260"
"7894900441802";"CHA LIMAO PET 1,5L CX 06UN";"1500"
"7894900449839";"CHA LIMAO LATA 340MLCX 06UN";"340"
"7894900502008";"POWERADE TANGERINA 500ML UN";"500"
"7894900502022";"POWERADE TANGERINA PO CX 1UN";"500"
"7894900510003";"GLADIATOR F CIT LATA 473ML CX 04UN";"473"
"7894900511000";"GLADIATOR F SELV LATA 473ML CX 04UN";"473"
"7894900529845";"KUAT EKO LATA 350ML CX 12UN";"350"
"7894900529920";"KUAT EKO PET 2L CX 06UN";"2000"
"7894900530001";"CRYSTAL PET 500ML S/ GÁS UN";"500"
"7894900530032";"CRYSTAL PET 1,5 S/GAS UN";"1500"
"7894900530070";"CRYSTAL PET 500ML S/G SPORTCAP CX 12UN";"500"
"7894900530131";"CRYSTAL PET 510ML S/GAS CX 12UN";"510"
"7894900530209";"CRYSTAL PET 350ML S/G CX 12UN";"350"
"7894900530216";"CRYSTAL PET 1,0L S/G CX 06UN L+P-";"1000"
"7894900531008";"CRYSTAL PET 500ML C/G CX 12UN";"500"
"7894900531114";"CRYSTAL PET 1,5L C/G CX 06UN";"1500"
"7894900531206";"CRYSTAL PET 350ML C/G CX 12UN";"350"
"7894900550054";"DV FRUT UVA PET 450ML CX 06UN JV";"450"
"7894900550061";"DV FRUT UVA PET 1,5L CX 06UN";"1500"
"7894900551051";"DEL VALLE FRUT LIMÃO 450 ML UN";"450"
"7894900552058";"DV FRUT TANGERINA PET 450ML CX 06UN JV";"450"
"7894900700404";"COCA-COLA ZERO 220ML LT SLEEK CX 12UN";"220"
"7894900701203";"COCA-COLA ZERO LATA 250ML UN";"250"
"7894900701517";"COCA-COLA ZERO PET 2L CX 06UN - ME";"2000"
"7894900701739";"COCA-COLA ZERO PET 1L CX 06UN";"1000"
"7894900701807";"COCA-COLA ZERO PET 1,5L CX 06UN";"1500"
"7894900702057";"COCA-COLA ZERO PET 1,75L CX 06UN";"1750"
"7894900703511";"COCA-COLA ZERO ALUM 250ML CX 6UN OLIMPIA";"250"
"7894900703528";"COCA-COLA ZERO CLUB ALU 250ML CX 06UN-ME";"250"
"7894900705034";"COCA-COLA ZERO KS 290ML UN";"290"
"7894900708639";"COCA-COLA ZERO PET 2,25L CX 06UN";"2000"
"7894900709308";"COCA-COLA ZERO LATA 350ML CX 06UN LMPM";"350"
"7894900709834";"COCA-COLA ZERO LATA 350ML CX 06UN";"350"
"7894900709841";"COCA-COLA ZERO LATA 350ML CX 12UN";"350"
"7894900709865";"COCA-COLA ZERO LATA 250ML CX 12UN";"250"
"7894900709902";"COCA-COLA ZERO PET 600ML CX 06UN";"600"
"7894900709919";"COCA-COLA ZERO PET 600ML CX 12UN";"600"
"7894900709926";"COCA-COLA ZERO PET 2L CX 06UN";"2000"
"7894900910018";"KUAT GUARANA LATA 1 UNID";"350"
"7894900910049";"KUAT LATA 350ML CX 06UN LMPM";"350"
"7894900911206";"KUAT LATA 250ML CX 12UN - ME";"250"
"7894900911633";"KUAT PET 600ML CX 06UN";"600"
"7894900911718";"KUAT PET 1UN";"1000"
"7894900911800";"KUAT PET 1,5L CX 06UN";"1500"
"7894900913163";"KUAT KS 290ML UN";"290"
"7894900918564";"KUAT PET 2L+250ML GT CX 06UN";"2000"
"7894900919837";"KUAT LATA 350ML CX 06UN";"350"
"7894900919844";"KUAT LATA 350ML CX 12UN";"350"
"7894900919868";"KUAT LATA 250ML CX 12UN";"250"
"7894900919929";"KUAT PET 2L CX 06UN";"2000"
"7894900920017";"KUAT ZERO LATA 350ML CX 06UN - ME";"350"
"7894900921519";"KUAT ZERO PET 2L CX 06UN - ME";"2000"
"7894900929836";"KUAT ZERO LATA 350ML CX 06UN";"350"
"7894900929843";"KUAT ZERO LATA 350ML CX 12UN - ME";"350"
"7894900929928";"KUAT ZERO PET 2L CX 06UN";"2000"
"7896045500116";"KAISER LATA 350ML CX 12UN";"350"
"7896045501038";"HEINEKEN LATA 350ML CX 12UN";"350"
"7896045501137";"XINGU LATA 350ML CX 12UN";"350"
"7896045501281";"BAVARIA S/ALCOOL LATA 350ML CX 12UN";"350"
"7896045501519";"BAVARIA PREMIUM LATA 350ML CX 12UN";"350"
"7896045502073";"SOL LATA 350ML CX 12UN";"350"
"7896045502196";"HEINEKEN 600ML VDESC UN";"600"
"7896045503148";"HEINEKEN 600 ML UN";"600"
"7896045503308";"BAVARIA LATA 500ML CX 06UN";"500"
"7896045503414";"KAISER LATA 473ML 01UN";"473"
"7896045503421";"KAISER LATA 473ML CX 12UN";"473"
"7804604727928";"Pelayo Naranja";"2000"
"7896045503452";"BAVARIA LATA 473ML CX 12UN";"473"
"7804604727935";"Pelayo Frutal";"2000"
"7896045504121";"KAISER  LATA 350ML CX 12UN LMPM";"350"
"7896045504299";"BAVARIA LATA 350ML CX 12UN L12P11";"350"
"7896045504343";"KAISER RADLER LT 350ML UN";"350"
"4101120044809";"Cerveza";"350"
"7896045504350";"KAISER RADLER LATA 350ML CX 12UN";"350"
"7896045504459";"KAISER RADLER LATA 350ML CX 06UN";"350"
"7896045504565";"BAVARIA 00 LATA 350ML CX 12UN";"350"
"7896045504831";"AMSTEL LATA 350ML CX12UN";"350"
"7896045504909";"KAISER RADLER LIMAO LATA 269ML CX 08UN";"269"
"7896045504930";"KAISER LATA 350ML CX 12UN L12P10";"350"
"7896045505067";"BAVARIA LATA 269ML CX 15UN";"269"
"7896045505098";"KAISER LATA 269ML CX 12UN";"269"
"7896045505210";"KAISER RADLER TANG LATA 269ML CX 08UN";"269"
"7896045505326";"AMSTEL LATA 269ML CX 12UN";"269"
"7896045505364";"HEINEKEN LATA 250ML CX 06UN";"250"
"7896045505777";"DESPERADOS LATA 250ML CX 06UN";"250"
"7896045505784";"AMSTEL LATA 473ML CX 12UN";"473"
"7896045512317";"KAISER LATA 350ML 01UN";"350"
"7896045523412";"HEINEKEN LATA 350ML 01UN";"350"
"7896045534210";"KAISER BOCK LATA 350ML CX 12UN";"350"
"7896371001349";"CRYSTAL PET 500ML C/G CX 12UN";"500"
"7896371001356";"CRYSTAL PET 500ML S/G CX 12UN";"500"
"7896371050149";"CRYSTAL PET 350ML S/G CX 12UN";"350"
"7896371050163";"CRYSTAL PET 350ML C/G CX 12UN";"350"
"7898341430098";"DV MAIS UVA 1L UN";"1000"
"7898341430234";"DV MAIS MANGA 335ML UN";"335"
"7898341430258";"DV MAIS PESSEGO 335ML UN";"335"
"7898341430272";"DV MAIS GOIABA 335ML UN";"335"
"7898341430838";"DV MAIS UVA 335ML UN";"335"
"7898341430852";"DV MAIS MARACUJA 335ML UN";"335"
"7898341432603";"DV MAIS LARAN CAS 1L UN";"1000"
"7898341432610";"DV MAIS LARAN CAS LG 1L UN";"1000"
"7898938890052";"MONSTER LO CARB LATA 500ML CX 06UN";"500"
"8712000030377";"HEINEKEN STAR LATA 330ML CX 24UN";"330"
"17891098011098";"MATTE LEAO LIMAO DIET PET 1,5L CX 08UN";"1500"
"17891098011104";"ICE TEA LIMAO PET 1,5L CX 06UN";"1500"
"17891098011111";"ICE TEA PESSEGO PET 1,5L CX 06UN";"1500"
"17891098011128";"ICE TEA LIMAO ZERO PET 1,5L CX 06UN";"1500"
"17891098011135";"ICE TEA PE ZERO PET 1,5L CX 06UN";"1500"
"17891098036213";"GUARANA POWER PET 500ML CX 12UN";"500"
"17891098037623";"MATTE LEAO NATURAL LATA 335ML CX 06UN";"335"
"17891098037647";"MATTE LEAO LIMAO LATA 335ML CX 06UN";"335"
"17891098037661";"MATTE LEAO LIMAO ZERO LATA 335ML CX 06UN";"335"
"17891098037814";"MATTE LEAO NATUR ZERO LATA 335ML CX 06UN";"335"
"17891098040005";"ICE TEA PESSEGO ZERO PET 300ML CX 06UN";"300"
"17891098040012";"ICE TEA PESSEGO PET 300ML CX 06UN";"300"
"17891098040029";"ICE TEA LIMAO ZERO PET 300ML CX 06UN";"300"
"17891098040036";"ICE TEA LIMAO PET 300ML CX 06UN";"300"
"17891098040043";"CHA VERDE C/LIMAO ZERO PET 300ML CX 06UN";"300"
"17891098040050";"FUZE CV ABA HOR PET 300ML CX 06UN";"300"
"17891098040081";"MATTE LEAO NATURAL PET 300ML CX 06UN";"300"
"17891098040104";"MATTE LEAO LIMAO PET 300ML CX 06UN";"300"
"17891098040128";"MATTE LEAO PESSEGO PET 300ml";"300"
"17891098040340";"MATTE LEAO NATURAL PET 1L CX 06UN";"1000"
"17891098040357";"MATTE LEAO LIMAO PET 1L CX 06UN";"1000"
"17891098040364";"ICE TEA PESSEGO PET 1,0L CX 06UN";"1000"
"17891098040371";"ICE TEA LIMAO PET 1,0L CX 06UN";"1000"
"17891098040388";"FUZE CV LIMAO ZERO PET 1,0L CX 06UN";"1000"
"17891098040395";"FUZE CV LIMAO ZERO PET 1,0L CX 06UN";"1000"
"17891098040562";"MATTE LEAO NATURAL PET 1,5L CX 06UN JV";"1500"
"17891098040579";"MATTE LEAO NATUR ZER PET 1,5L CX 06UN JV";"1500"
"7801610220078";"Van Pur Premium";"500"
"17891098040586";"MATTE LEAO LIMAO PET 1,5L CX 06UN JV";"1500"
"17891098040593";"MATTE LEAO LIMAO ZER PET 1,5L CX 06UN JV";"1500"
"17891098040609";"MATTE LEAO PESSEGO PET 1,5L CX 06UN JV";"1500"
"17894900011156";"COCA-COLA LT 310ML CX 06UN";"310"
"17894900011965";"COCA-COLA PET 250ML CX 12UN";"250"
"17894900013556";"COCA-COLA CLUB ALU 250ML CX 06UN SAMPLIN";"250"
"17894900020073";"COCA-COLA STEVIA PET 1,5L CX 06UN";"1500"
"17894900020134";"COCA-COLA STEVIA ALUM 250ML CX 06UN SAMP";"250"
"17894900030393";"FANTA LARANJA LT 220ML CX 12UN";"220"
"17894900031154";"FANTA LARANJA LT 310ML CX 06UN";"310"
"17894900031963";"FANTA LARANJA PET 250ML CX 12UN";"250"
"17894900032328";"FANTA LARANJA PET 250ML CX 06UN";"250"
"17894900051152";"FANTA UVA LT 310ML CX 06UN";"310"
"17894900060390";"SPRITE LT 220ML CX 12UN";"220"
"17894900061151";"SPRITE LT 310ML CX 06UN";"310"
"17894900062325";"SPRITE PET 250ML CX 06UN";"250"
"17894900090021";"FANTA MORANGO PET 600MLCX 06UN";"600"
"17894900091004";"FANTA MARACUJA LATA 350ML CX 06UN ME";"350"
"17894900091035";"FANTA MARACUJA LATA 250ML CX 12UN ME";"250"
"17894900092001";"FANTA MACA VERDE LATA 250ML CX 12UN ME";"250"
"17894900092018";"FANTA MACA VERDE PET 2L CX 06UN ME";"2000"
"17894900092025";"FANTA MAÇA VERDE LATA 350ML CX 06UN";"350"
"17894900093008";"FANTA GUARANÁ LATA 350ML 6UN FT";"350"
"17894900093039";"FANTA GUARANÁ LT 310ML CX 06UN";"310"
"17894900093268";"FANTA GUARANÁ PET 600ML 6UN FT";"600"
"17894900093275";"FANTA GUARANÁ PET 1,5L CX 06UN";"1500"
"17894900093398";"FANTA GUARANÁ PET 250ML CX 06UN";"250"
"17894900093435";"FANTA GUARANÁ PET 2L+250ML GRÁTIS 06UN";"2000"
"17894900094005";"FANTA GUARANÁ ZERO LATA 350ML 6UN FT";"350"
"17894900094012";"FANTA GUARANÁ ZERO LATA 310ML 6UN FT";"310"
"17894900101758";"COCA-COLA LG PLUS PET 1,5L CX 06UN";"1500"
"17894900151159";"FANTA LARANJA ZERO 310ML LT CX 06UN";"310"
"17894900330004";"AQ.FRESH LIMAO PET 1,5L CX 06UN";"1500"
"17894900330011";"AQ.FRESH LIMAO PET 510ML CX 06UN";"510"
"17894900331001";"AQ.FRESH UVA PET 1,5L CX 06UN";"1500"
"17894900331018";"AQ.FRESH UVA PET 510ML CX 06UN";"510"
"17894900332008";"AQ.FRESH ABACAXI PET 1,5L CX 06UN";"1500"
"17894900332015";"AQ.FRESH ABACAXI PET 510ML CX 06UN";"510"
"17894900401001";"BURN LATA 473ML CX 06UN";"473"
"17894900401513";"BURN PET 2L CX 6UN JV";"2000"
"17894900401711";"BURN PET 1L CX 04UN JV";"1000"
"17894900403531";"BURN ALUMINIO LATA 350ML CX 06UN JV";"350"
"17894900500001";"POWERADE LIMAO PET 500ML CX 06UN";"500"
"17894900501008";"POWERADE UVA PET 500ML CX 06UN";"500"
"17894900502005";"POWERADE TANGERINA PET 500ML CX 06UN";"500"
"17894900503002";"POWERADE LARANJA PET 500ML CX 06UN";"500"
"17894900504009";"POWERADE M BLAST PET 500ML CX 06UN";"500"
"17894900510000";"GLADIATOR F CIT LATA 473ML CX 06UN";"473"
"17894900510024";"GLADIATOR F CIT LATA 270ML CX 06UN";"270"
"17894900511007";"GLADIATOR F SELV LATA 473ML CX 06UN";"473"
"17894900511021";"GLADIATOR F SELV LATA 270ML CX 06UN";"270"
"17894900530039";"CRYSTAL PET 1,5L S/G CX 06UN";"1500"
"17894900531005";"CRYSTAL PET 510ML C/GAS CX 12UN";"510"
"17894900550051";"DV FRUT UVA PET 450ML CX 06UN";"450"
"17894900551058";"DV FRUT LIMAO PET 450ML CX 06UN JV";"450"
"17894900552055";"DV FRUT TANGERINA PET 450ML CX 06UN";"450"
"17894900553007";"DV LIMAO&NADA PET 300ML CX 06UN";"300"
"17894900553038";"DV LIMAO&NADA PET 1L CX 06UN";"1000"
"17894900554004";"DV MARACUJA&NADA PET 300ML CX 06UN";"300"
"17894900554035";"DV MARACUJA&NADA PET 1L CX 06UN";"1000"
"17894900556053";"DV FRUT CITRUS PET 450ML CX 06UN JV";"450"
"17894900556060";"DV FRUT CITRUS PET 1,5L CX 06UN ME";"1500"
"17894900610021";"DV 100% LARANJA PET 300ML CX 06UN";"300"
"17894900612025";"DV 100% MACA PET300ML CX 06UN";"300"
"17894900615002";"DV GOIABA INTEGRAL PET 300ML CX 06UN";"300"
"17894900615019";"DV GOIABA INTEGRAL PET 1L CX 06UN";"1000"
"17894900618003";"DV MAIS LARAN CAS PET 300ML CX 06UN";"300"
"17894900660262";"DEL VALLE NÉCTAR GOIABA LATA 290ML 6UN";"290"
"17894900660286";"DEL VALLE NÉCTAR MANGA LATA 290ML 6UN";"290"
"17894900660309";"DEL VALLE NÉCTAR MARACUJA LATA 290ML 6UN";"290"
"17894900660316";"DEL VALLE NÉCTAR PESSEGO LATA 290ML 6UN";"290"
"17894900660323";"D VALLE NÉCTAR PESSEGO LIGHT LT290ML 6UN";"290"
"17894900660330";"DEL VALLE NÉCTAR UVA LATA 290ML 6UN";"290"
"17894900660347";"D VALLE NÉCTAR UVA LIGHT LT 290ML 6UN";"290"
"17894900701156";"COCA-COLA ZERO LT 310ML CX 06UN";"310"
"17894900701965";"COCA-COLA ZERO PET 250ML CX 12UN";"250"
"17894900703556";"COCA-COLA ZERO CLUB ALUM 250ML CX6UN SAM";"250"
"17894900911968";"KUAT PET 250ML CX 12UN";"250"
"17898341430958";"DV MAIS MANGA LATA 335ML CX 06UN";"335"
"17898341430965";"DV MAIS MANGA LG LATA 335ML CX 06UN";"335"
"17898341430972";"DV MAIS PESSEGO LATA 335ML CX 06UN";"335"
"17898341430989";"DV MAIS PESSEGO LG LATA 335ML CX 06UN";"335"
"17898341430996";"DV MAIS GOIABA LATA 335ML CX 06UN";"335"
"17898341431009";"DV MAIS GOIABA LG LATA 335ML CX 06UN";"335"
"17898341431016";"DV MAIS UVA LATA 335ML CX 06UN";"335"
"17898341431023";"DV MAIS UVA LG LATA 335ML CX 06UN";"335"
"17898341431030";"DV MAIS MARACUJA LATA 335ML CX 06UN";"335"
"27891098038115";"CHA VERDE LIMAO LATA 340ML CX 06UN";"340"
"27891098038122";"CHA VERDE MARACUJA LATA 340ML CX 06UN";"340"
"27891098038139";"CHA VERDE ABAC HORT LATA 340ML CX 06UN";"340"
"27891098038177";"CHA BRANCO C/PESSEGO LATA 340ML CX 06UN";"340"
"27891098038221";"CHA VERMELHO LATA 340ML CX 06UN";"340"
"27894900011153";"COCA-COLA 310 ML LT SLEEK CX 12UN";"310"
"27894900020001";"COCA-COLA STEVIA LATA 350ML CX 12UN";"350"
"27894900020025";"COCA-COLA STEVIA LT 310ML CX 12UN";"310"
"27894900020056";"COCA-COLA STEVIA PET 600ML CX 12UN";"600"
"27894900031151";"FANTA LARANJA LATA 310ML CX 12UN";"310"
"27894900051159";"FANTA UVA LATA 310ML CX 12UN";"310"
"27894900061158";"SPRITE LATA 310ML CX 12UN";"310"
"27894900091018";"FANTA MARACUJA PET 2L CX 06UN - ME";"2000"
"27894900093005";"FANTA GUARANÁ LATA 350ML 12UN FT";"350"
"27894900093036";"FANTA GUARANA LATA 310ML CX 12UN";"310"
"27894900093050";"FANTA GUARANA PET 2L CX 06UN";"2000"
"27894900093265";"FANTA GUARANÁ PET 600ML 12UN FT";"600"
"27894900093272";"FANTA GUARANÁ PET 1,5L 12UN FT";"1500"
"27894900094019";"FANTA GUARANA ZERO LATA 310ML CX 12UN";"310"
"27894900094026";"FANTA GUARANÁ ZERO PET 2,00L 6UN FT";"2000"
"27894900151156";"FANTA LARANJA ZERO LATA 310ML CX 12UN";"310"
"27894900701153";"COCA-COLA ZERO 310 ML LT SLEEK CX 12UN";"310"
"7501013100990";"Jumex Nectar Coco Piña";"500"
"7501013100037";"Jumex Nectar Mango";"500"
"7501013118117";"Jumex Nectar Piña";"335"
"7501013118193";"Jumex Nectar Manzana";"335"
"7501013118032";"Jumex Nectar Mango";"335"
"7501013100914";"Jumex Nectar Arandano";"500"
"7501013100235";"Jumex Nectar Naranja y Mango";"500"
"7501013100310";"Jumex Nectar Naranja y Zanahoria";"500"
"856820160093";"Steaz Zero Calorie Half and half Green tea and lemonade";"473"
"856820160055";"Steaz lightly sweetened Uced Green tea blueberry pomegranate";"473"
"856820160123";"Steaz lightly sweetened Uced Green tea witn coconut water";"473"
"856820160000";"Steaz Zero Calorie Iced Green tea raspberry";"473"
"613008719548";"Arizona Peach Iced Green tea with real juice";"680"
"613008725853";"Arizona half Iced Green tea half mango";"680"
"613008735470";"Arizona  Iced Green tea Raspberry flavor";"680"
"8936020052960";"Maily Coffe Latte";"250"
"8936020052977";"Maily Coffee Capuchino";"250"
"8936020052984";"Maily Coffee Mocha";"250"
"7804604720134";"Lider Agua Mineral El Olivo Con gas";"1600"
"7808731303444";"Nectar Frooty Durazno";"500"
"89826001415";"Tecate Original";"473"
"7801620005153";"Gatorade Frutas Tropicales";"1000"
"7802100002907";"Cerveza Andes Lager";"470"
"77512369";"Cusqueña Golden Lager";"355"
"7801608001696";"Acuenta Gaseosa sabor Cola";"2000"
"7801608001702";"Acuenta Gaseosa Sabor Naranja Libre de azucar";"2000"
"7801608001733";"Acuenta Gaseosa Sabor Papaya Libre de azucar";"2000"
"7807910023364";"Jumbo Agua Purificada Sin Gas";"1500"
"7807910023357";"Jumbo Agua Purificada Con Gas";"1500"
"7801620005412";"Cachantun Sin Gas Libre de Sodio";"1000"
"7802820442106";"Benedictino con toque de sabor a limon";"500"
"7801610001936";"Coca Cola Original";"250"
"7802800544684";"Livean Nectar 0 azucar Pina";"1500"
"7801620005160";"Gatorade Cool Blue";"1000"
"7804167001848";"Nativa Agua Con Gas";"500"
"7801610481011";"Aquarius Andina Pera";"500"
"7802100505774";"Morenita Malta";"350"
"7801610481004";"Aquarius Andina Manzana Sin Gas";"500"
"7802100505347";"Escudo";"470"
"857741002738";"Marley Premium Coffe Drink Mocha";"325"
"7501013118018";"Jumex Nectar Pera";"335"
"7802900600518";"Soprole Next Agua Gasificada";"1500"
"7801620007553";"Watts Nectar Pina 0 azucar";"1750"
"701598036031";"Bear Beer Lager Imported";"350"
"884394000378";"Aloe Vera King Pomegranate";"500"
"815369012294";"Cadia Coconut Water";"520"
"7802820442205";"Benedictino con toque de sabor frutilla";"500"
"180162";"Budweiser";"355"
"7801602219066";"Socos Agua Mineral Manzana con Gas";"1500"
"7804651050024";"Mi aguitta Cuida tu familia sin Gas";"1500"
"7804626700251";"Soy Late Pura Solidaridad";"1500"
"7802800544615";"Livean Nectar Naranja";"1500"
"7802820651157";"Power Ade Frozen Blast";"600"
"7804659350065";"Alkimy Agua Sin Gas";"500"
"5999886049010";"Houssy Aloe Vera Drink Premium";"500"
"7802408000407";"Fruna Papaya";"500"
"7802408004177";"Fruna Papaya zero Azucar";"500"
"7801610106303";"Fanta Naranja";"1100"
"819768010790";"Marley Premium Coffe Drink One Drop Vainilla Chocolate";"325"
"7801610118184";"Qu4tro Zero Pomelo";"350"
"7801610671016";"Fanta Naranja";"350"
"7803908004469";"Guallarauco Mango Maracuya";"500"
"40518473";"Gerstel Sin acohol";"500"
"7802130000775";"Stella Artois";"473"
"7501013118063";"Jumex Nectar de Guayaba";"335"
"7801610000335";"Coca Cola Zero";"250"
"7802800544653";"Livean Nectar 0% Arandano";"1500"
"7801610484203";"Aquarius Sabor Pomelo";"1500"
"70847009511";"Monster Energy Lata 473 cc X6";"473"
"7501013118056";"Jumex Durazno";"335"
"7802100504647";"Cristal Cero";"269"
"7802408000391";"Fruna Frucola";"500"
"8411547001085";"Agua Mineral Solan de cabaras";"1500"
"7802900600112";"Soprole Next Sin Gas";"500"
"7801610005934";"Sprite";"250"
"7802100002952";"Escudo Silver";"470"
"7801610350904";"Coca Cola Zero";"1000"
"7801620007546";"Watts Pina";"1750"
"7804626700022";"Soy Late Pura Solidaridad";"500"
"7801610002933";"Fanta Sabor Naranja";"250"
"7804646000164";"Mr Big Black";"1500"
"7809634100178";"Cerveza Austral Lager";"350"
"4770477227595";"Kalnapilis Pinta Lager Beer";"568"
"4770477227571";"Kalnapilis White Select Beer";"568"
"4770477228110";"Kalnapilis Pinta Pilsner Lager Beer";"568"
"5701598036031";"Harboe Bear Beer";"568"
"7802130000669";"Becker";"473"
"7750236173896";"Inca Kola";"500"
"7801620005177";"Gatorade Naranja";"1000"
"7801610106402";"Sprite";"1100"
"7807910005667";"Maxima Sabor Frutal";"2000"
"7802100500250";"Dorada Cerveza";"350"
"7802100001115";"Cristal Cero";"350"
"7802820442120";"Benedictino con un toque limon";"1500"
"7802820441789";"Benedictino Natural Sin Gas";"2000"
"7801602219059";"Socos Agua Termal Manzana";"500"
"7802175454885";"Mistral Ice";"310"
"7801620007256";"Watts Nectar Durazno";"1750"
"180182";"Budweiser";"473"
"7809595602315";"Puyehue Agua Mineral con Gas";"1500"
"7802820442137";"Benedictino con un toque Frutilla";"1500"
"70847009535";"Monster Lo-Carb Lata 473 cc X6";"473"
"7801620007522";"Watts Nectar Durazno";"1750"
"7801610001608";"Coca Cola Original";"500"
"7802100002792";"Stones Apple";"350"
"7802900610081";"Soprole Next saabor Frambueza";"500"
"7804604723395";"Agua Mineral El Olivo Light Gas";"500"
"7802408000421";"Fruna Orange";"500"
"7801622119070";"Eden Agua Sin Gas";"500"
"7804167000940";"Lider Agua Purificada Gasificada";"1500"
"4053400279398";"Schofferhofer GrapeFruit";"500"
"7804167000957";"Lider Agua Purificada Sin GAs";"1500"
"7802100001672";"Cristal Light";"350"
"7804167001824";"Nativa con gas";"1500"
"7804626700008";"Soy Late";"500"
"7790315000446";"VillaVicencio Agua con Gas";"500"
"5999886049263";"Aloe Vera Drink Pinapple";"500"
"7804301500411";"Sorbete Letelier de Guinda";"2000"
"7808731303284";"Portillo Agua";"500"
"7804604722572";"LIV Agua Mineral";"500"
"7790895001260";"Glaceau Vitamin Water";"500"
"7790895001208";"Glaceau Vitamin Water";"500"
"7802408000445";"Fruna Pina";"500"
"7891991013512";"Guarana Antartica Zero";"350"
"2082001089046";"Dr Pepper";"355"
"7801620002145";"Pepsi";"250"
"613008735418";"Arizona Mango";"640"
"613008720209";"Arizona Watermelon";"640"
"7802130001147";"Becker";"740"
"5999884034469";"Hell Enery Drink";"250"
"7801610481028";"Aquarius Uva";"500"
"7804167001770";"Lider Agua Zero Azucar Pera";"1000"
"4101940426823";"Apoftel Brau";"350"
"7804604720097";"Lider Agua Mineral Sin Gas";"500"
"8410793000552";"Tagus Cerveza Lager";"330"
"7801620006976";"Gatorade Green Apple";"1000"
"7804658110004";"Agua Mineral Natural de los Andes";"1500"
"7801622119049";"Agua Mineral Eden";"500"
"7804604722701";"Liv Agua Mineral";"1500"
"7891991000826";"Guarana Antarctica";"350"
"4054500114015";"Cerveza Importada";"500"
"742832656658";"Starke Aloe Vera";"500"
"76406022601";"Jumex Coconut Pinaapple";"335"
"61314000032";"Evian";"500"
"825179500225";"Vealoe uva";"500"
"7804604726549";"Tottus Agua Minera Sin gas";"1600"
"7801620007249";"Watts Naranja";"1750"
"90424496";"Yellow Energy Drink";"250"
"7804604726426";"Acuenta Bebida sabor pina";"2000"
"7802900464042";"Soprole Nectar Damasco";"1500"
"7801620079444";"Kem Mango Durazno";"500"
"7801620003265";"Mas sin Gas Manzana Durazno";"500"
"7804651870042";"Nectar Maqui Manzana";"500"
"7804651870066";"Nectar Maqui Aloe Vera";"500"
"7808731301396";"Mc libre de sodio";"500"
"7802900600013";"Soprole Next Agua Sin Gas";"1500"
"7804167001763";"Lider Cero Azucar Manzana";"1500"
"7801608001757";"Acuenta Gaseosa sabor Libre de Azucar";"2000"
"7801608001719";"Acuenta Gaseosa sabor Frutal Libre de Azucar";"2000"
"7802100002525";"Stone Maracuya";"350"
"7807910005636";"Maxima Sabor Cola";"2000"
"7801620015817";"Cachantun Sin Gas";"500"
"7802100002259";"Cristal Cero";"470"
"7702090003918";"Uva Postobon";"2000"
"7801620003890";"Canada Dry Ginger Ale";"250"
"7801610035719";"Tai Pina pet 2,0 lts *6";"2000"
"742832584111";"Score Energy Drink Mojito";"300"
"7801610022603";"Coca Cola light";"500"
"7802800544622";"Livean Nectar Durazno";"1500"
"9002490235468";"RedBull Sugar Free";"355"
"7802800545223";"Zuko Pina";"1500"
"7798062547801";"Villavicencio Agua";"500"
"7802800545261";"Zuko Mango";"1500"
"7802800545254";"Zuko Manzana";"1500"
"7802800545278";"Zuko Multifruta";"1500"
"7802800545285";"Zuko Frutifrutilla";"1500"
"7802800545292";"Zuko Naranja Platano";"1500"
"7802800544639";"Livean Nectar 0% Manzana";"1500"
"7802800544677";"Livean Pera";"1500"
"7802800544660";"Livean Uva Blanca";"1500"
"7802800544691";"Livean Frutifrutilla";"1500"
"7802800544776";"Zuko Durazno";"1500"
"7802800544790";"Zuko pina";"1500"
"7802800544769";"Zuko Naranja";"1500"
"884394000132";"Aloe Vera King pina";"1500"
"7808731303291";"Portillo Pure Natural Water sin gas";"500"
"7804663140072";"Lee Mon Limonada sabor Albahaca";"1500"
"7802408000438";"Fruna Ginger Ale";"500"
"7807910022718";"Santa Isabel Agua con Gas";"1500"
"7801620007621";"Mas sin gas Manzana Durazno";"500"
"4014086096303";"50 Original Cerveza";"330"
"4014086096365";"50 Original Cerveza";"330"
"4905004";"Coca Cola Cherry";"355"
"7802820679502";"Power Ade Green Punch";"600"
"400005902956";"Amane Aloe Vera Zero";"1000"
"7804625210010";"Agua Mineral Jahuel Sin Gas";"330"
"7802820671988";"Power Ade Zero";"600"
"7802408000766";"Fruna Limon";"500"
"7801620005733";"Gatorade Manzana";"600"
"8002270246531";"Sanpellegrino Pomelo";"330"
"7804604726532";"Agua Mineral con Gas Tottus";"1600"
"5901594000900";"Tuborg";"350"
"8411327001052";"Mahou";"350"
"5701598038127";"Puls";"350"
"8718104902367";"Weidmann";"350"
"8714800007665";"Hollandia";"350"
"8690582722203";"Carlsberg";"350"
"4014086020537";"Oettinger";"350"
"34100005542";"CERVEZA MILLER";"355"
"7804167001886";"Agua Lider";"500"
"5900535000160";"Cerveza";"500"
"7801620004354";"Mas con gas Citrus Cachantun";"2000"
"7790895001215";"Glaceau Vitamin water";"500"
"4015042030782";"Darguner Pilsener";"500"
"7802820500097";"NECTAR WATTS DURAZNO";"1000"
"7802821006727";"T. FUNDO SOFRUCO NARANJA";"1000"
"7802408000254";"Pina Terrano";"2000"
"7801610220108";"Cocacola sin azucar";"220"
"8717953079305";"Cannabis Energy Drink";"250"
"5701598029996";"X Ray Energy Drink";"250"
"8718104902824";"flynns Imported stout";"330"
"9005465133080";"Dark Dog";"1500"
"7801620006655";"MAS CATUN PERA PET 1600";"1600"
"78004646610028";"Andes Water s/gas";"500"
"7804646610097";"Andes Water c/gas";"500"
"7804646610035";"Andes Water s/gas";"1000"
"7899916905997";"Jugo de naranja Lider";"1500"
"7801620504175";"CACHANTUN CGAS PET 2250";"2000"
"7801610220016";"Coca Cola Sabor Original";"220"
"7801620006648";"Cachantun Mas sin Gas Uva";"1600"
"7801620000226";"AGUA TONICA 6PFX4-LATA 350";"350"
"7804167001855";"Nativa Agua Sin Gas";"500"
"7802130001703";"Baltica Cerveza Dry";"473"
"4052197002455";"Benediktine Hell";"500"
"4101120014802";"Paderborner Pilsener";"330"
"4015042107811";"Darguner Beissbier";"500"
"7804629680956";"Chancaca Liquida";"350"
"7801620300180";"PAP PET 1500 X 06";"1500"
"7801620007744";"Mas gasificada limon Naranja";"1600"
"7804167001893";"Agua Mineral Lider Pera";"1600"
"7802100430038";"ROYAL GUARD 12PKX2-LATA350CC";"350"
"7804167002067";"Nativa Agua sin gas Granada";"1600"
"7804167002043";"Nativa Agua Pera";"1600"
"7801610350423";"Coca Cola zero";"580"
"9005465105032";"Dark Dog Guarana";"568"
"7801620007669";"7 up limonada";"500"
"5901594000917";"Tuborg";"330"
"8718104902350";"Weidmann";"500"
"8411327001717";"Mahou Sin alcohol";"330"
"7801620004408";"Canada Dry Ginger Ale Light";"310"
"7801620006334";"WATTS DURAZNO 12PF PET 400";"400"
"7801620007379";"Mas Woman Frutos del Bosque";"1600"
"7808771301189";"Acqua con Gas";"1600"
"7801620007737";"Mas limon gasificada";"500"
"4014086020445";"Oettinger Schwarz";"500"
"4014086020308";"Oettinger Weissbier";"500"
"7803908004452";"Guallarauco Limon";"500"
"7804167001787";"Lider Limon";"1500"
"400005902949";"Aloe";"1000"
"7803908003899";"Guallarauco Naranja Mango";"1750"
